domain,Mi,apache,bsd,gpl,mit,prop,genfoss,missing,FOSS
results/29mayis.edu.tr,49,0.836734693877551,0,0,0,0.163265306122449,0,0,0.836734693877551
results/aabu.edu.jo,9,0.555555555555556,0.333333333333333,0.111111111111111,0,0,0,0,1
results/abtech.edu,107,0.0934579439252336,0.280373831775701,0,0,0.214953271028037,0,0.411214953271028,0.373831775700935
results/abu.ac.jp,3,0.333333333333333,0.333333333333333,0,0,0.333333333333333,0,0,0.666666666666667
results/academy.mia.by,2,1,0,0,0,0,0,0,1
results/aceondo-ng.com,2,0,0,0,0,1,0,0,0
results/ada.edu.az,62,0.709677419354839,0.0806451612903226,0,0,0.032258064516129,0,0.17741935483871,0.790322580645161
results/ael.ru,40,0.375,0.1,0,0,0.525,0,0,0.475
results/agh.edu.pl,1675,0.808358208955224,0.097910447761194,0,0,0.0614925373134328,0,0.0322388059701492,0.906268656716418
results/ahtcm.edu.cn,70,0,0.0428571428571429,0,0,0.0285714285714286,0,0.928571428571429,0.0428571428571429
results/aiu.ac.ke,26,1,0,0,0,0,0,0,1
results/aiu.edu.gm,10,0.7,0,0,0,0,0,0.3,0.7
results/aksaray.edu.tr,353,0.0538243626062323,0.0113314447592068,0,0,0.917847025495751,0,0.0169971671388102,0.0651558073654391
results/aku.edu,84,0.0357142857142857,0.0476190476190476,0,0,0.797619047619048,0,0.119047619047619,0.0833333333333333
results/alamo.edu,81,0.0740740740740741,0.234567901234568,0,0,0.444444444444444,0,0.246913580246914,0.308641975308642
results/albaath-univ.edu.sy,36,1,0,0,0,0,0,0,1
results/alyamamah.edu.sa,15,0.6,0,0,0,0,0,0.4,0.6
results/ambou.edu.et,4,0.25,0.75,0,0,0,0,0,1
results/amity.edu,23,0.217391304347826,0,0,0,0.652173913043478,0,0.130434782608696,0.217391304347826
results/ammanu.edu.jo,16,0.0625,0,0,0,0.25,0,0.6875,0.0625
results/angelo.edu,218,0.788990825688073,0.036697247706422,0,0,0.0596330275229358,0,0.114678899082569,0.825688073394495
results/antioch.edu,83,0.36144578313253,0.0963855421686747,0,0,0.421686746987952,0,0.120481927710843,0.457831325301205
results/aos.sk,21,0.142857142857143,0,0,0,0.80952380952381,0,0.0476190476190477,0.142857142857143
results/apu.edu,175,0.177142857142857,0.04,0,0,0.04,0,0.742857142857143,0.217142857142857
results/arbor.edu,47,0.0638297872340425,0.340425531914894,0,0,0.404255319148936,0,0.191489361702128,0.404255319148936
results/arel.edu.tr,59,0.728813559322034,0.0508474576271186,0,0,0.135593220338983,0,0.0847457627118644,0.779661016949152
results/arellano.edu.ph,3,0.333333333333333,0,0,0,0,0,0.666666666666667,0.333333333333333
results/arwauniversity.org,17,0.705882352941177,0,0,0,0,0,0.294117647058823,0.705882352941177
results/ar.wroc.pl,19,0.157894736842105,0,0,0,0.210526315789474,0,0.631578947368421,0.157894736842105
results/ashitech.ac.jp,10,0,0,0,0,0.7,0,0.3,0
results/asp.krakow.pl,79,0.69620253164557,0.0632911392405063,0,0,0.0886075949367089,0,0.151898734177215,0.759493670886076
results/assumption.edu,154,0.0194805194805195,0.051948051948052,0,0,0.142857142857143,0,0.785714285714286,0.0714285714285714
results/asu.edu.et,3,0,1,0,0,0,0,0,1
results/ati.osu.edu,1,1,0,0,0,0,0,0,1
results/auc-edu.org,1,0,1,0,0,0,0,0,1
results/au.edu.az,13,0.692307692307692,0,0,0,0.153846153846154,0,0.153846153846154,0.692307692307692
results/augie.edu,39,0.717948717948718,0.153846153846154,0,0,0.0512820512820513,0,0.0769230769230769,0.871794871794872
results/augusta.edu,222,0.414414414414414,0.193693693693694,0,0,0.121621621621622,0,0.27027027027027,0.608108108108108
results/aul.edu.lb,3,0,0.333333333333333,0,0,0.666666666666667,0,0,0.333333333333333
results/ba.edu.af,4,0,0.5,0,0,0.5,0,0,0.5
results/baker.edu,63,0.174603174603175,0.126984126984127,0,0,0.603174603174603,0,0.0952380952380953,0.301587301587302
results/bamu.net,11,0,0,0,0,1,0,0,0
results/bashedu.ru,43,0.325581395348837,0.511627906976744,0,0,0.13953488372093,0,0.0232558139534883,0.837209302325581
results/baskent.edu.tr,297,0.919191919191919,0.0606060606060606,0,0,0.0168350168350168,0,0.00336700336700335,0.97979797979798
results/basug.edu.ng,10,1,0,0,0,0,0,0,1
results/bcc.cuny.edu,16,0.25,0,0,0,0.75,0,0,0.25
results/bcou.ca,35,0,0,0,0,0,0,1,0
results/becs.ac.in,11,0.909090909090909,0,0,0,0.0909090909090909,0,0,0.909090909090909
results/belsut.gomel.by,5,1,0,0,0,0,0,0,1
results/bengaluruuniversity.com,0,NA,NA,NA,NA,NA,NA,NA,NA
results/beppu-u.ac.jp,20,0.5,0.5,0,0,0,0,0,1
results/berkeleycitycollege.edu,14,1,0,0,0,0,0,0,1
results/beu.edu.tr,11,0,0.0909090909090909,0,0,0.363636363636364,0,0.545454545454545,0.0909090909090909
results/bezalel.ac.il,58,0.103448275862069,0.293103448275862,0,0,0.0689655172413793,0,0.53448275862069,0.396551724137931
results/bham.ac.uk,892,0.218609865470852,0.0650224215246637,0,0,0.524663677130045,0,0.19170403587444,0.283632286995516
results/bhms.ch,73,0.904109589041096,0,0,0,0.0684931506849315,0,0.0273972602739727,0.904109589041096
results/bhsu.edu,13,0.0769230769230769,0.153846153846154,0,0,0.384615384615385,0,0.384615384615385,0.230769230769231
results/bicol-u.edu.ph,10,0.7,0.2,0,0,0,0,0.1,0.9
results/bigsandy.kctcs.edu,4,0,0.25,0,0,0.5,0,0.25,0.25
results/binghamuni.edu.ng,6,1,0,0,0,0,0,0,1
results/bit.edu.cn,141,0.723404255319149,0.170212765957447,0,0,0.0354609929078014,0,0.0709219858156028,0.893617021276596
results/bits-iserlohn.de,29,0.724137931034483,0,0,0,0.0689655172413793,0,0.206896551724138,0.724137931034483
results/bits-pilani.ac.in,43,0.255813953488372,0.302325581395349,0,0,0.372093023255814,0,0.0697674418604651,0.558139534883721
results/biust.ac.bw,46,0.130434782608696,0,0,0,0,0,0.869565217391304,0.130434782608696
results/blackhawk.edu,20,0.15,0,0,0,0.45,0,0.4,0.15
results/blcu.edu.cn,151,0.622516556291391,0.0927152317880795,0,0,0.0132450331125828,0,0.271523178807947,0.71523178807947
results/bluecc.edu,26,0.0769230769230769,0.230769230769231,0,0,0.346153846153846,0,0.346153846153846,0.307692307692308
results/boku.ac.at,276,0.608695652173913,0.0507246376811594,0,0,0.0253623188405797,0,0.315217391304348,0.659420289855073
results/bothocollege.ac.bw,5,1,0,0,0,0,0,0,1
results/bpc.edu.sa,7,0.571428571428571,0,0,0,0,0,0.428571428571429,0.571428571428571
results/bpums.ac.ir,264,0.0378787878787879,0.00378787878787879,0,0,0.954545454545455,0,0.00378787878787878,0.0416666666666667
results/broward.edu,61,0.39344262295082,0.0655737704918033,0,0,0.0983606557377049,0,0.442622950819672,0.459016393442623
results/bru.mogilev.by,3,0,0,0,0,1,0,0,0
results/bsmrau.edu.bd,11,1,0,0,0,0,0,0,1
results/btu.bg,31,0.741935483870968,0.0967741935483871,0,0,0.129032258064516,0,0.032258064516129,0.838709677419355
results/buid.ac.ae,11,0.272727272727273,0,0,0,0.636363636363636,0,0.0909090909090909,0.272727272727273
results/bundenet.com,2,0,0,0,0,0,0,1,0
results/bup.edu.bd,21,0.523809523809524,0.0952380952380952,0,0,0.285714285714286,0,0.0952380952380952,0.619047619047619
results/butex.edu.bd,26,1,0,0,0,0,0,0,1
results/butler.edu,127,0.062992125984252,0.047244094488189,0,0,0,0,0.889763779527559,0.110236220472441
results/cafa.edu.cn,29,0.103448275862069,0.241379310344828,0,0,0.379310344827586,0,0.275862068965517,0.344827586206897
results/calcoast.edu,9,0.111111111111111,0.111111111111111,0,0,0.777777777777778,0,0,0.222222222222222
results/calhoun.edu,21,0,0.333333333333333,0,0,0.428571428571429,0,0.238095238095238,0.333333333333333
results/caluniv.ac.in,4,0.5,0.5,0,0,0,0,0,1
results/cameron.edu,43,0.325581395348837,0.186046511627907,0,0,0.186046511627907,0,0.302325581395349,0.511627906976744
results/canadacollege.edu,38,0,0.157894736842105,0,0,0.736842105263158,0,0.105263157894737,0.157894736842105
results/capcollege.bc.ca,0,NA,NA,NA,NA,NA,NA,NA,NA
results/carroll.edu,24,0.5,0.208333333333333,0,0,0.166666666666667,0,0.125,0.708333333333333
results/castleton.edu,20,0.25,0.3,0,0,0.2,0,0.25,0.55
results/cba.edu.sa,5,0,0,0,0,0.6,0,0.4,0
results/cccd.edu,92,0.130434782608696,0.0434782608695652,0,0,0.304347826086957,0,0.521739130434783,0.173913043478261
results/ccc.edu,89,0.49438202247191,0.0224719101123595,0,0,0.280898876404494,0,0.202247191011236,0.51685393258427
results/ccri.edu,72,0.138888888888889,0.0416666666666667,0,0,0.611111111111111,0,0.208333333333333,0.180555555555556
results/ccs.edu.sd,3,0,0,0,0,1,0,0,0
results/ccsu.edu,152,0.440789473684211,0.0197368421052632,0,0,0.467105263157895,0,0.0723684210526316,0.460526315789474
results/ccv.edu,84,0.964285714285714,0.0238095238095238,0,0,0.0119047619047619,0,0,0.988095238095238
results/centenary.edu,35,0.228571428571429,0.514285714285714,0,0,0.0857142857142857,0,0.171428571428571,0.742857142857143
results/central.edu,73,0.0136986301369863,0.0136986301369863,0,0,0.315068493150685,0,0.657534246575342,0.0273972602739726
results/cgu.edu,92,0.0108695652173913,0.41304347826087,0,0,0.478260869565217,0,0.0978260869565217,0.423913043478261
results/chatham.edu,89,0.0561797752808989,0.0898876404494382,0,0,0.303370786516854,0,0.550561797752809,0.146067415730337
results/chattahoocheetech.edu,24,0.333333333333333,0.125,0,0,0.333333333333333,0,0.208333333333333,0.458333333333333
results/chinju-e.ac.kr,100,0.96,0,0,0,0.02,0,0.02,0.96
results/chongju.ac.kr,3,1,0,0,0,0,0,0,1
results/chonnam.ac.kr,1031,0.500484966052376,0.0387972841901067,0,0,0.361784675072745,0,0.0989330746847721,0.539282250242483
results/chukyo-u.ac.jp,80,0.8125,0.15,0,0,0,0,0.0375,0.9625
results/cihts.ac.in,1,0,0,0,0,1,0,0,0
results/cisisu.edu.cn,62,0,0.838709677419355,0,0,0.145161290322581,0,0.0161290322580645,0.838709677419355
results/city.edu.my,11,0.636363636363636,0.181818181818182,0,0,0.181818181818182,0,0,0.818181818181818
results/cityuniversity.edu.bd,10,0.1,0,0,0,0.9,0,0,0.1
results/cku.ac.jp,5,0.8,0,0,0,0.2,0,0,0.8
results/clarkstate.edu,58,0.0689655172413793,0.793103448275862,0,0,0.0517241379310345,0,0.0862068965517241,0.862068965517241
results/clarku.edu,95,0.210526315789474,0.136842105263158,0,0,0.347368421052632,0,0.305263157894737,0.347368421052632
results/clb.ac.il,34,0.0588235294117647,0.0588235294117647,0,0,0.264705882352941,0,0.617647058823529,0.117647058823529
results/clcmn.edu,11,0.909090909090909,0,0,0,0.0909090909090909,0,0,0.909090909090909
results/cn.edu,7,0.285714285714286,0,0,0,0.571428571428571,0,0.142857142857143,0.285714285714286
results/coahomacc.edu,10,0.1,0.1,0,0,0.6,0,0.2,0.2
results/coalrafidain.edu.iq,3,0,1,0,0,0,0,0,1
results/code.berlin,77,0.155844155844156,0.74025974025974,0,0,0,0,0.103896103896104,0.896103896103896
results/colbycc.edu,6,0,0.166666666666667,0,0,0.5,0,0.333333333333333,0.166666666666667
results/colmex.mx,194,0.144329896907216,0.690721649484536,0,0,0.149484536082474,0,0.0154639175257733,0.835051546391752
results/columbiabasin.edu,18,0.0555555555555556,0.0555555555555556,0,0,0.722222222222222,0,0.166666666666667,0.111111111111111
results/columbiastate.edu,42,0.380952380952381,0.166666666666667,0,0,0.333333333333333,0,0.119047619047619,0.547619047619048
results/colum.edu,79,0.392405063291139,0.0886075949367089,0,0,0.126582278481013,0,0.392405063291139,0.481012658227848
results/contracosta.edu,7,0,0.428571428571429,0,0,0.428571428571429,0,0.142857142857143,0.428571428571429
results/cpe.fr,0,NA,NA,NA,NA,NA,NA,NA,NA
results/cptc.edu,0,NA,NA,NA,NA,NA,NA,NA,NA
results/cravencc.edu,0,NA,NA,NA,NA,NA,NA,NA,NA
results/crowder.edu,0,NA,NA,NA,NA,NA,NA,NA,NA
results/cs.lpu.lv,1,1,0,0,0,0,0,0,1
results/cstj.qc.ca,58,0.224137931034483,0.310344827586207,0,0,0.0172413793103448,0,0.448275862068966,0.53448275862069
results/csu.edu.cn,363,0.0881542699724518,0.126721763085399,0,0,0.261707988980716,0,0.523415977961432,0.214876033057851
results/csum.edu,30,0.4,0.1,0,0,0.266666666666667,0,0.233333333333333,0.5
results/cucv.edu.gt,2,0,0,0,0,0,0,1,0
results/cueb.edu.cn,85,0,0.0352941176470588,0,0,0,0,0.964705882352941,0.0352941176470588
results/cu.edu.eg,566,0.337455830388693,0.019434628975265,0,0,0.57773851590106,0,0.0653710247349824,0.356890459363958
results/cuk.ac.kr,35,0.942857142857143,0,0,0,0,0,0.0571428571428572,0.942857142857143
results/cupl.edu.cn,141,0.0141843971631206,0.0212765957446809,0,0,0.0212765957446809,0,0.943262411347518,0.0354609929078014
results/cusat.ac.in,106,0.839622641509434,0.150943396226415,0,0,0,0,0.00943396226415094,0.990566037735849
results/cus.edu.kh,8,0.625,0,0,0,0,0,0.375,0.625
results/cuz.ac.zw,23,1,0,0,0,0,0,0,1
results/cwu.edu,75,0.266666666666667,0.04,0,0,0.106666666666667,0,0.586666666666667,0.306666666666667
results/cyut.edu.tw,223,0.408071748878924,0.331838565022422,0,0,0.20627802690583,0,0.053811659192825,0.739910313901345
results/daejeon.ac.kr,8,0.5,0,0,0,0.375,0,0.125,0.5
results/dawson.edu,14,0.357142857142857,0.0714285714285714,0,0,0.285714285714286,0,0.285714285714286,0.428571428571429
results/daytonastate.edu,31,0.129032258064516,0.129032258064516,0,0,0.387096774193548,0,0.354838709677419,0.258064516129032
results/db.dk,3,0,0,0,0,0.333333333333333,0,0.666666666666667,0
results/dbq.edu,49,0.224489795918367,0.0612244897959184,0,0,0.489795918367347,0,0.224489795918367,0.285714285714286
results/dbskkv.org,2,0,0,0,0,1,0,0,0
results/dbu.edu,94,0,0.0425531914893617,0,0,0.872340425531915,0,0.0851063829787234,0.0425531914893617
results/dc3.edu,13,0.153846153846154,0.0769230769230769,0,0,0.615384615384615,0,0.153846153846154,0.230769230769231
results/dct.udn.vn,10,0.6,0,0,0,0.2,0,0.2,0.6
results/dcu.ie,298,0.758389261744966,0.100671140939597,0,0,0.0570469798657718,0,0.0838926174496644,0.859060402684564
results/deusto.es,772,0.705958549222798,0.143782383419689,0,0,0.0582901554404145,0,0.0919689119170984,0.849740932642487
results/deylaman.ac.ir,7,0,1,0,0,0,0,0,1
results/dickinson.edu,99,0.505050505050505,0.0707070707070707,0,0,0.242424242424242,0,0.181818181818182,0.575757575757576
results/dicle.edu.tr,32,0.25,0.03125,0,0,0.65625,0,0.0625,0.28125
results/diit.edu.ua,45,0.911111111111111,0.0444444444444444,0,0,0.0444444444444444,0,0,0.955555555555555
results/dit.ie,334,0.143712574850299,0.0119760479041916,0,0,0.0209580838323353,0,0.823353293413174,0.155688622754491
results/dlu.edu.cn,63,0,0.0158730158730159,0,0,0,0,0.984126984126984,0.0158730158730159
results/dlufl.edu.cn,73,0.0136986301369863,0.986301369863014,0,0,0,0,0,1
results/dnu.dp.ua,36,0.0555555555555556,0.861111111111111,0,0,0.0833333333333333,0,0,0.916666666666667
results/dokkyomed.ac.jp,24,0.666666666666667,0.166666666666667,0,0,0.166666666666667,0,0,0.833333333333333
results/dominican.edu,37,0.189189189189189,0.297297297297297,0,0,0.135135135135135,0,0.378378378378378,0.486486486486487
results/dongduk.ac.kr,98,0.193877551020408,0.704081632653061,0,0,0.0510204081632653,0,0.0510204081632653,0.897959183673469
results/dote.hu,39,0.948717948717949,0,0,0,0,0,0.0512820512820513,0.948717948717949
results/dpu.dk,7,0,0.714285714285714,0,0,0,0,0.285714285714286,0.714285714285714
results/drakestate.edu,5,0,0.2,0,0,0.4,0,0.4,0.2
results/dtcc.edu,233,0.107296137339056,0.1931330472103,0,0,0.236051502145923,0,0.463519313304721,0.300429184549356
results/dti.sk,11,1,0,0,0,0,0,0,1
results/dtu.dk,839,0.381406436233611,0.0786650774731824,0,0,0.174016686531585,0,0.365911799761621,0.460071513706794
results/du.edu.eg,34,0.205882352941176,0,0,0,0.794117647058823,0,0,0.205882352941176
results/duke.edu,2114,0.563386944181646,0.0879848628192999,0,0,0.054399243140965,0,0.294228949858089,0.651371807000946
results/duq.edu,168,0.220238095238095,0.0654761904761905,0,0,0.18452380952381,0,0.529761904761905,0.285714285714286
results/duzce.edu.tr,295,0.00338983050847458,0.216949152542373,0,0,0.779661016949153,0,0,0.220338983050847
results/dypatiluniversity.org,0,NA,NA,NA,NA,NA,NA,NA,NA
results/dyu.ac.kr,13,0.461538461538462,0.230769230769231,0,0,0.153846153846154,0,0.153846153846154,0.692307692307692
results/eastcentral.edu,20,0.4,0.15,0,0,0.3,0,0.15,0.55
results/easternflorida.edu,32,0.59375,0.09375,0,0,0.21875,0,0.09375,0.6875
results/ebc.mx,17,0.882352941176471,0,0,0,0,0,0.117647058823529,0.882352941176471
results/ecam.fr,121,0.867768595041322,0.0495867768595041,0,0,0.0495867768595041,0,0.0330578512396694,0.917355371900826
results/ec-lyon.fr,164,0.792682926829268,0.207317073170732,0,0,0,0,0,1
results/ecsu.edu,25,0.4,0.16,0,0,0.08,0,0.36,0.56
results/edufr.ch,28,0.535714285714286,0,0,0,0.142857142857143,0,0.321428571428571,0.535714285714286
results/efh-hannover.de,14,1,0,0,0,0,0,0,1
results/egerton.ac.ke,70,0.9,0.0285714285714286,0,0,0,0,0.0714285714285714,0.928571428571429
results/ehsal.be,2,0,0,0,0,0,0,1,0
results/ehu.es,431,0.626450116009281,0.250580046403712,0,0,0.102088167053364,0,0.0208816705336428,0.877030162412993
results/eia.edu.co,25,0.84,0.08,0,0,0.04,0,0.04,0.92
results/eivp-paris.fr,9,0.444444444444444,0.111111111111111,0,0,0.444444444444444,0,0,0.555555555555556
results/elizabethtown.kctcs.edu,5,0,0.2,0,0,0.4,0,0.4,0.2
results/elon.edu,141,0.0212765957446809,0.0212765957446809,0,0,0,0,0.957446808510638,0.0425531914893617
results/emc-campus.com,0,NA,NA,NA,NA,NA,NA,NA,NA
results/emu.edu,34,0.735294117647059,0.0294117647058824,0,0,0.0294117647058824,0,0.205882352941176,0.764705882352941
results/ena.fr,26,0.653846153846154,0.230769230769231,0,0,0.115384615384615,0,0,0.884615384615385
results/enap.uquebec.ca,3,0,0,0,0,1,0,0,0
results/ensat.fr,25,0.92,0.08,0,0,0,0,0,1
results/enu.kz,125,0.384,0.408,0,0,0.12,0,0.0880000000000001,0.792
results/erzurum.edu.tr,76,0.0789473684210526,0.421052631578947,0,0,0.421052631578947,0,0.0789473684210527,0.5
results/esic.es,60,0,0,0,0,0.966666666666667,0,0.0333333333333333,0
results/esigelec.fr,37,0.567567567567568,0.135135135135135,0,0,0.27027027027027,0,0.027027027027027,0.702702702702703
results/espe.edu.ec,228,0.842105263157895,0.0701754385964912,0,0,0.0131578947368421,0,0.0745614035087719,0.912280701754386
results/essex.ac.uk,231,0.32034632034632,0.112554112554113,0,0,0.372294372294372,0,0.194805194805195,0.432900432900433
results/eudil.fr,1,1,0,0,0,0,0,0,1
results/eu.spb.ru,81,0.111111111111111,0.0740740740740741,0,0,0.0987654320987654,0,0.716049382716049,0.185185185185185
results/euv-frankfurt-o.de,34,0.794117647058823,0.0588235294117647,0,0,0.147058823529412,0,0,0.852941176470588
results/ewubd.edu,24,0.916666666666667,0,0,0,0.0833333333333333,0,0,0.916666666666667
results/ewu.edu,183,0.19672131147541,0.0163934426229508,0.00546448087431694,0,0.0819672131147541,0,0.699453551912568,0.218579234972678
results/famu.cz,16,0.5625,0.375,0,0,0,0,0.0625,0.9375
results/fashir.edu.sd,9,1,0,0,0,0,0,0,1
results/fatihsultan.edu.tr,113,0.955752212389381,0,0,0,0.0265486725663717,0,0.0176991150442477,0.955752212389381
results/federation.edu.au,212,0.202830188679245,0.0754716981132075,0,0,0.089622641509434,0,0.632075471698113,0.278301886792453
results/feituverava.com.br,23,0.869565217391304,0,0,0,0.0869565217391304,0,0.0434782608695652,0.869565217391304
results/ferpi.dem.ru,3,1,0,0,0,0,0,0,1
results/fgcu.edu,156,0.0576923076923077,0.0192307692307692,0,0,0.673076923076923,0,0.25,0.0769230769230769
results/fh-biberach.de,16,0.5,0.125,0,0,0.375,0,0,0.625
results/fh-dortmund.de,193,0.647668393782383,0.233160621761658,0,0,0.0466321243523316,0,0.072538860103627,0.880829015544041
results/fh-hamburg.de,13,0.692307692307692,0.307692307692308,0,0,0,0,0,1
results/fh-konstanz.de,70,1,0,0,0,0,0,0,1
results/fh-ludwigshafen.de,6,0.666666666666667,0,0,0,0,0,0.333333333333333,0.666666666666667
results/fh-mannheim.de,23,0.826086956521739,0,0,0,0.173913043478261,0,0,0.826086956521739
results/fh-muenchen.de,109,0.605504587155963,0.311926605504587,0,0,0.0458715596330275,0,0.036697247706422,0.917431192660551
results/fh-niederrhein.de,13,0.692307692307692,0.307692307692308,0,0,0,0,0,1
results/fhoebb.de,7,0.714285714285714,0.142857142857143,0,0,0,0,0.142857142857143,0.857142857142857
results/fh-offenburg.de,60,0.9,0.0833333333333333,0,0,0,0,0.0166666666666666,0.983333333333333
results/fh-schwaebischhall.de,11,0,0,0,0,0,0,1,0
results/fhsg.ch,54,0.203703703703704,0.722222222222222,0,0,0.0185185185185185,0,0.0555555555555556,0.925925925925926
results/fh-stpoelten.ac.at,1,1,0,0,0,0,0,0,1
results/fh-weihenstephan.de,1,1,0,0,0,0,0,0,1
results/fh-wiesbaden.de,34,0.529411764705882,0.0882352941176471,0,0,0.323529411764706,0,0.0588235294117647,0.617647058823529
results/flcc.edu,6827,0.665446023143401,0.000146477222791856,0,0,0.00146477222791856,0,0.332942727405888,0.665592500366193
results/fontbonne.edu,25,0,0.4,0,0,0.28,0,0.32,0.4
results/fosu.edu.cn,12,0.25,0.333333333333333,0,0,0.0833333333333333,0,0.333333333333333,0.583333333333333
results/frederick.edu,61,0.0163934426229508,0.0327868852459016,0,0,0.836065573770492,0,0.114754098360656,0.0491803278688525
results/frostburg.edu,7,0,0.857142857142857,0,0,0,0,0.142857142857143,0.857142857142857
results/fukuoka-edu.ac.jp,42,0.952380952380952,0,0,0,0,0,0.0476190476190477,0.952380952380952
results/fukuoka-u.ac.jp,138,0.782608695652174,0.0869565217391304,0,0,0.072463768115942,0,0.0579710144927535,0.869565217391304
results/gasu.ru,53,0.452830188679245,0.471698113207547,0,0,0.0566037735849057,0,0.0188679245283019,0.924528301886792
results/gazi.edu.tr,500,0.188,0.046,0,0,0.038,0,0.728,0.234
results/gcccks.edu,12,0,0,0,0,0.833333333333333,0,0.166666666666667,0
results/gcu.edu.pk,37,0.810810810810811,0.027027027027027,0,0,0,0,0.162162162162162,0.837837837837838
results/ggu.edu,153,0.0522875816993464,0.0457516339869281,0,0,0.0326797385620915,0,0.869281045751634,0.0980392156862745
results/gitam.edu,98,0.0612244897959184,0.0204081632653061,0,0,0.418367346938776,0,0.5,0.0816326530612245
results/gjue.ac.kr,6,0.5,0,0,0,0.166666666666667,0,0.333333333333333,0.5
results/gkvharidwar.org,1,0,0,0,0,0,0,1,0
results/global.edu.pk,9,0.555555555555556,0,0,0,0.111111111111111,0,0.333333333333333,0.555555555555556
results/gluk.ac.ke,31,0.67741935483871,0.161290322580645,0,0,0,0,0.161290322580645,0.838709677419355
results/gorny-ins.ru,0,NA,NA,NA,NA,NA,NA,NA,NA
results/goums.ac.ir,261,0.923371647509579,0.00383141762452107,0,0,0.0421455938697318,0,0.0306513409961685,0.9272030651341
results/greenheartmed.org,0,NA,NA,NA,NA,NA,NA,NA,NA
results/greenriver.edu,50,0,0.14,0,0,0.5,0,0.36,0.14
results/gretsauniversity.ac.ke,5,1,0,0,0,0,0,0,1
results/gsu.edu.ng,5,1,0,0,0,0,0,0,1
results/gsut.edu.cn,1,0,0,0,0,0,0,1,0
results/gtuc.edu.gh,16,0.6875,0,0,0,0.0625,0,0.25,0.6875
results/gtu.edu.ge,5,1,0,0,0,0,0,0,1
results/gujaratuniversity.org.in,2,0,0,0,0,1,0,0,0
results/gxu.edu.cn,151,0.0397350993377483,0.0993377483443709,0,0,0.0860927152317881,0,0.774834437086093,0.139072847682119
results/gzu.edu.cn,17,0.352941176470588,0.588235294117647,0,0,0.0588235294117647,0,0,0.941176470588235
results/hacc.edu,164,0.0487804878048781,0.0426829268292683,0,0,0.0426829268292683,0,0.865853658536585,0.0914634146341463
results/hagerstowncc.edu,30,0.366666666666667,0.133333333333333,0,0,0.4,0,0.1,0.5
results/hakkari.edu.tr,9,0.222222222222222,0.111111111111111,0,0,0.555555555555556,0,0.111111111111111,0.333333333333333
results/hakuoh.ac.jp,10,0.8,0.1,0,0,0.1,0,0,0.9
results/halic.edu.tr,62,0.112903225806452,0,0,0,0.838709677419355,0,0.0483870967741935,0.112903225806452
results/handong.edu,45,0.466666666666667,0.155555555555556,0,0,0.2,0,0.177777777777778,0.622222222222222
results/hangkong.ac.kr,6,0.333333333333333,0,0,0,0.666666666666667,0,0,0.333333333333333
results/hanseuni.de,2,0,0,0,0,0,0,1,0
results/hanshin.ac.kr,40,0.55,0.05,0,0,0.2,0,0.2,0.6
results/hanyang.ac.kr,731,0.403556771545828,0.351573187414501,0,0,0.0560875512995896,0,0.188782489740082,0.755129958960328
results/hartnell.edu,27,0.222222222222222,0,0,0,0.37037037037037,0,0.407407407407407,0.222222222222222
results/hartwick.edu,28,0.214285714285714,0.25,0,0,0.357142857142857,0,0.178571428571429,0.464285714285714
results/haskell.edu,26,0.307692307692308,0,0,0,0.384615384615385,0,0.307692307692308,0.307692307692308
results/haywood.edu,40,0.125,0.05,0,0,0.8,0,0.0249999999999999,0.175
results/hccfl.edu,9,0,0.111111111111111,0,0,0.555555555555556,0,0.333333333333333,0.111111111111111
results/hcu.edu.tw,77,0.103896103896104,0,0,0,0.883116883116883,0,0.012987012987013,0.103896103896104
results/hcuge.ch,23,0.0869565217391304,0,0,0,0,0,0.91304347826087,0.0869565217391304
results/hebmu.edu.cn,56,0.0535714285714286,0.821428571428571,0,0,0.0892857142857143,0,0.0357142857142857,0.875
results/hebut.edu.cn,76,0,0.0394736842105263,0,0,0,0,0.960526315789474,0.0394736842105263
results/hec.fr,151,0.0794701986754967,0.0463576158940397,0,0,0.0728476821192053,0,0.801324503311258,0.125827814569536
results/henannu.edu.cn,2,0,1,0,0,0,0,0,1
results/henau.edu.cn,39,0,0.0256410256410256,0,0,0,0,0.974358974358974,0.0256410256410256
results/hennepintech.edu,13,0.0769230769230769,0,0,0,0.538461538461538,0,0.384615384615385,0.0769230769230769
results/hgo.se,45,0.0666666666666667,0.422222222222222,0,0,0.311111111111111,0,0.2,0.488888888888889
results/hi.is,1293,0.445475638051044,0.135344160866203,0,0,0.321732405259087,0,0.0974477958236659,0.580819798917247
results/his.se,57,0.280701754385965,0.0526315789473684,0,0,0.385964912280702,0,0.280701754385965,0.333333333333333
results/hitit.edu.tr,334,0.029940119760479,0.110778443113772,0,0,0.850299401197605,0,0.00898203592814362,0.140718562874251
results/hokusei.ac.jp,21,0.333333333333333,0.571428571428571,0,0,0.0476190476190476,0,0.0476190476190477,0.904761904761905
results/holar.is,7,0.285714285714286,0.571428571428571,0,0,0,0,0.142857142857143,0.857142857142857
results/honolulu.hawaii.edu,13,0.538461538461538,0.0769230769230769,0,0,0,0,0.384615384615385,0.615384615384615
results/hoseo.ac.kr,5,0.6,0,0,0,0,0,0.4,0.6
results/hostos.cuny.edu,43,0.0697674418604651,0.0232558139534884,0,0,0.790697674418605,0,0.116279069767442,0.0930232558139535
results/hotelschool.com.au,5,0,1,0,0,0,0,0,1
results/hrbmu.edu.cn,5,0.4,0.4,0,0,0.2,0,0,0.8
results/hrbust.edu.cn,75,0.506666666666667,0.04,0,0,0.253333333333333,0,0.2,0.546666666666667
results/hs-bremerhaven.de,109,0.770642201834862,0.165137614678899,0,0,0,0,0.0642201834862385,0.935779816513762
results/hs-harz.de,121,0.826446280991736,0.0743801652892562,0,0,0.0743801652892562,0,0.024793388429752,0.900826446280992
results/hs-magdeburg.de,63,0.841269841269841,0.0634920634920635,0,0,0.0793650793650794,0,0.0158730158730158,0.904761904761905
results/htwm.de,8,0.875,0,0,0,0.125,0,0,0.875
results/huflit.vnn.vn,0,NA,NA,NA,NA,NA,NA,NA,NA
results/humanities.mn,12,0.166666666666667,0.0833333333333333,0,0,0.75,0,0,0.25
results/humg.edu.vn,75,0.506666666666667,0.04,0,0,0.373333333333333,0,0.08,0.546666666666667
results/hums.ac.ir,205,0.0878048780487805,0.0048780487804878,0,0,0.897560975609756,0,0.00975609756097562,0.0926829268292683
results/hva.nl,158,0.443037974683544,0.069620253164557,0,0,0.246835443037975,0,0.240506329113924,0.512658227848101
results/hwru.edu.vn,2,0,0,0,0,1,0,0,0
results/hzau.edu.cn,159,0.0754716981132075,0.0314465408805031,0,0,0.0188679245283019,0,0.874213836477987,0.106918238993711
results/iauh.ac.ir,11,0.454545454545455,0.363636363636364,0,0,0.181818181818182,0,0,0.818181818181818
results/iaumehriz.com,4,0.75,0.25,0,0,0,0,0,1
results/iau-shahrood.ac.ir,50,0.08,0,0,0,0.66,0,0.26,0.08
results/ifslearning.ac.uk,19,0,0.0526315789473684,0,0,0.947368421052632,0,0,0.0526315789473684
results/igdir.edu.tr,103,0.0388349514563107,0.00970873786407767,0,0,0.893203883495146,0,0.058252427184466,0.0485436893203883
results/iiee.edu.pk,1,0,1,0,0,0,0,0,1
results/iiitg.ac.in,2,1,0,0,0,0,0,0,1
results/ikc.edu.tr,185,0,0.908108108108108,0,0,0.0594594594594595,0,0.0324324324324323,0.908108108108108
results/iliauni.edu.ge,147,0.0612244897959184,0.91156462585034,0,0,0.00680272108843537,0,0.0204081632653061,0.972789115646258
results/imd.edu.gr,2,0,1,0,0,0,0,0,1
results/insa-rennes.fr,174,0.67816091954023,0.126436781609195,0,0,0,0,0.195402298850575,0.804597701149425
results/integraluniversity.ac.in,0,NA,NA,NA,NA,NA,NA,NA,NA
results/intstudy.mai.ru,2,0,1,0,0,0,0,0,1
results/ioe.ac.uk,37,0.459459459459459,0.378378378378378,0,0,0.027027027027027,0,0.135135135135135,0.837837837837838
results/ip.kyusan-u.ac.jp,18,0.888888888888889,0,0,0,0.0555555555555556,0,0.0555555555555556,0.888888888888889
results/ipsantarem.pt,102,0.833333333333333,0,0,0,0.147058823529412,0,0.0196078431372548,0.833333333333333
results/ipvc.pt,182,0.631868131868132,0.0549450549450549,0,0,0.0549450549450549,0,0.258241758241758,0.686813186813187
results/isbm-school.com,12,0.583333333333333,0,0,0,0,0,0.416666666666667,0.583333333333333
results/iscet.pt,15,0.0666666666666667,0.0666666666666667,0,0,0,0,0.866666666666667,0.133333333333333
results/isep.fr,41,0.926829268292683,0.0731707317073171,0,0,0,0,0,1
results/isikun.edu.tr,153,0.150326797385621,0.0522875816993464,0,0,0.718954248366013,0,0.0784313725490197,0.202614379084967
results/islamicuniversity.nl,5,0,1,0,0,0,0,0,1
results/ismra.fr,6,0,1,0,0,0,0,0,1
results/istanbul.edu.tr,400,0.1825,0.03,0,0,0.785,0,0.00249999999999995,0.2125
results/ita.br,110,0.981818181818182,0,0,0,0.0181818181818182,0,0,0.981818181818182
results/itba.edu.ar,50,0.6,0.06,0,0,0.04,0,0.3,0.66
results/it-chiba.ac.jp,98,0.826530612244898,0.0612244897959184,0,0,0.0612244897959184,0,0.0510204081632653,0.887755102040816
results/ithaca.edu,95,0.515789473684211,0.126315789473684,0,0,0.242105263157895,0,0.11578947368421,0.642105263157895
results/itmina.edu.mx,5,0.8,0,0,0,0,0,0.2,0.8
results/iubnt.yar.ru,0,NA,NA,NA,NA,NA,NA,NA,NA
results/iuj.ac.jp,39,0.0512820512820513,0.0256410256410256,0,0,0.333333333333333,0,0.58974358974359,0.0769230769230769
results/iuk.ac.kr,8,0.125,0,0,0,0,0,0.875,0.125
results/iuo.it,67,0.432835820895522,0,0,0,0.552238805970149,0,0.0149253731343284,0.432835820895522
results/iup.edu,115,0.252173913043478,0.0521739130434783,0,0,0.530434782608696,0,0.165217391304348,0.304347826086956
results/iust.ac.ir,249,0.682730923694779,0.21285140562249,0,0,0.104417670682731,0,0,0.895582329317269
results/jadara.edu.jo,4,0.75,0,0,0,0.25,0,0,0.75
results/jcsu.edu,53,0.339622641509434,0.169811320754717,0,0,0.377358490566038,0,0.113207547169811,0.509433962264151
results/jct.ac.il,83,0.506024096385542,0.144578313253012,0,0,0.289156626506024,0,0.0602409638554218,0.650602409638554
results/jic.edu.sa,3,0.666666666666667,0,0,0,0.333333333333333,0,0,0.666666666666667
results/jooust.ac.ke,9,0.888888888888889,0.111111111111111,0,0,0,0,0,1
results/jsums.edu,67,0.149253731343284,0.0149253731343284,0,0,0.701492537313433,0,0.134328358208955,0.164179104477612
results/juntendo.ac.jp,41,0.609756097560976,0.292682926829268,0,0,0.0487804878048781,0,0.0487804878048781,0.902439024390244
results/jwcc.edu,36,0.361111111111111,0.0277777777777778,0,0,0.305555555555556,0,0.305555555555556,0.388888888888889
results/jxnu.edu.cn,160,0,0.00625,0,0,0.01875,0,0.975,0.00625
results/kangnam.ac.kr,81,0.962962962962963,0.0123456790123457,0,0,0.0123456790123457,0,0.0123456790123457,0.975308641975309
results/kantiana.ru,76,0.0657894736842105,0.513157894736842,0,0,0.276315789473684,0,0.144736842105263,0.578947368421053
results/kaplan.edu,194,0.195876288659794,0.00515463917525773,0,0,0.623711340206186,0,0.175257731958763,0.201030927835052
results/kardan.edu.af,17,0,0,0,0,0.764705882352941,0,0.235294117647059,0
results/kau.ac.kr,62,0.387096774193548,0.0483870967741935,0,0,0.32258064516129,0,0.241935483870968,0.435483870967742
results/kawasaki-m.ac.jp,37,0.810810810810811,0.0810810810810811,0,0,0.108108108108108,0,0,0.891891891891892
results/kaznu.kz,91,0.120879120879121,0.0549450549450549,0,0,0.791208791208791,0,0.032967032967033,0.175824175824176
results/kbtu.kz,20,0.5,0.1,0,0,0.4,0,0,0.6
results/kckcc.edu,19,0.263157894736842,0,0,0,0.368421052631579,0,0.368421052631579,0.263157894736842
results/keiwa-c.ac.jp,10,0.8,0.2,0,0,0,0,0,1
results/kent.edu,724,0.319060773480663,0.0345303867403315,0,0,0.162983425414365,0,0.483425414364641,0.353591160220994
results/kgre.hu,2,0.5,0,0,0,0,0,0.5,0.5
results/king.edu,354,0.31638418079096,0.00564971751412429,0,0,0.587570621468927,0,0.0903954802259886,0.322033898305085
results/kku.ac.th,507,0.143984220907298,0.779092702169625,0.0019723865877712,0,0.0611439842209073,0,0.0138067061143984,0.925049309664694
results/kma.mk.ua,24,0,1,0,0,0,0,0,1
results/kmitl.ac.th,292,0.626712328767123,0.229452054794521,0,0,0.0479452054794521,0,0.0958904109589042,0.856164383561644
results/kmu.edu.tr,63,0,0,0,0,0.888888888888889,0,0.111111111111111,0
results/knupe.ac.kr,3,1,0,0,0,0,0,0,1
results/kokugakuin.ac.jp,28,0.607142857142857,0.25,0,0,0.0714285714285714,0,0.0714285714285715,0.857142857142857
results/komazawa-u.ac.jp,24,0.875,0.0416666666666667,0,0,0.0833333333333333,0,0,0.916666666666667
results/konya.edu.tr,33,0.666666666666667,0.242424242424242,0,0,0.0606060606060606,0,0.0303030303030303,0.909090909090909
results/kordofan.edu.sd,71,0.633802816901408,0,0,0,0,0,0.366197183098592,0.633802816901408
results/kornu.ac.kr,26,0.653846153846154,0.0384615384615385,0,0,0.0769230769230769,0,0.230769230769231,0.692307692307692
results/kpu.ac.jp,112,0.8125,0.125,0,0,0,0,0.0625,0.9375
results/krishnauniversity.ac.in,14,0,0,0,0,1,0,0,0
results/ksa.edu.pk,10,1,0,0,0,0,0,0,1
results/kspu.ptz.ru,0,NA,NA,NA,NA,NA,NA,NA,NA
results/ksu.ac.jp,4,0.25,0.5,0,0,0.25,0,0,0.75
results/ksu.edu.tr,324,0.0339506172839506,0.0185185185185185,0,0,0.944444444444444,0,0.00308641975308643,0.0524691358024691
results/ksw.edu.pl,36,0,1,0,0,0,0,0,1
results/kufos.ac.in,4,1,0,0,0,0,0,0,1
results/kulak.ac.be,5,1,0,0,0,0,0,0,1
results/kuleuven.ac.be,6,0.333333333333333,0.166666666666667,0,0,0.333333333333333,0,0.166666666666667,0.5
results/kunsan.ac.kr,50,0.28,0.06,0,0.02,0.04,0,0.6,0.36
results/kunstakademiet.dk,15,0,0.733333333333333,0,0,0.266666666666667,0,0,0.733333333333333
results/kustar.ac.ae,112,0.0178571428571429,0.0267857142857143,0,0,0.0714285714285714,0,0.883928571428571,0.0446428571428571
results/kwangju.ac.kr,47,0.74468085106383,0.0851063829787234,0,0,0.170212765957447,0,0,0.829787234042553
results/kwangwoon.ac.kr,537,0.264432029795158,0.0502793296089385,0,0,0.638733705772812,0,0.0465549348230911,0.314711359404097
results/kwasu.edu.ng,98,0.969387755102041,0,0,0,0,0,0.0306122448979592,0.969387755102041
results/kyokyo-u.ac.jp,258,0.387596899224806,0.612403100775194,0,0,0,0,0,1
results/kyoto-su.ac.jp,18,0.777777777777778,0.111111111111111,0,0,0.0555555555555556,0,0.0555555555555556,0.888888888888889
results/kyukyo-u.ac.jp,16,0.75,0.0625,0,0,0,0,0.1875,0.8125
results/kyungil.ac.kr,26,0.615384615384615,0.0769230769230769,0,0,0.0769230769230769,0,0.230769230769231,0.692307692307692
results/kyushu-u.ac.jp,615,0.88780487804878,0.040650406504065,0.0032520325203252,0,0.0260162601626016,0.0032520325203252,0.0422764227642276,0.931707317073171
results/lacollege.edu,13,0.0769230769230769,0.230769230769231,0,0,0.461538461538462,0,0.230769230769231,0.307692307692308
results/lafayette.edu,378,0.156084656084656,0.476190476190476,0,0,0.0158730158730159,0,0.351851851851852,0.632275132275132
results/laverne.edu,47,0.148936170212766,0.446808510638298,0,0,0.234042553191489,0,0.170212765957447,0.595744680851064
results/lbhc.edu,6,0.333333333333333,0,0,0,0.5,0,0.166666666666667,0.333333333333333
results/lbwcc.edu,9,0.111111111111111,0.222222222222222,0,0,0.555555555555556,0,0.111111111111111,0.333333333333333
results/lenoircc.edu,31,0.709677419354839,0.0645161290322581,0,0,0.161290322580645,0,0.064516129032258,0.774193548387097
results/lfc.edu,5,0.8,0,0,0,0,0,0.2,0.8
results/limkokwing.edu.my,4,0.5,0,0,0,0,0,0.5,0.5
results/lincoln.ac.uk,1250,0.012,0.0088,0,0,0.0616,0,0.9176,0.0208
results/littlepriest.edu,4,0.25,0,0,0,0.25,0,0.5,0.25
results/liuc.it,54,0.277777777777778,0.111111111111111,0,0,0.611111111111111,0,0,0.388888888888889
results/liu.se,723,0.495159059474412,0.147994467496542,0,0,0.236514522821577,0,0.120331950207469,0.643153526970954
results/lka.lt,13,0.384615384615385,0.153846153846154,0,0,0,0,0.461538461538461,0.538461538461539
results/llu.edu,219,0.246575342465753,0.159817351598174,0,0,0.0867579908675799,0,0.506849315068493,0.406392694063927
results/lntu.edu.cn,75,0.0266666666666667,0.0666666666666667,0,0,0.0933333333333333,0,0.813333333333333,0.0933333333333333
results/losmedanos.edu,3,0,0,0,0,1,0,0,0
results/lr.edu,53,0.0754716981132075,0.509433962264151,0,0,0.283018867924528,0,0.132075471698113,0.584905660377358
results/lunn.sci-nnov.ru,5,0.4,0,0,0,0.6,0,0,0.4
results/macalester.edu,1166,0.380789022298456,0.072041166380789,0,0,0.144082332761578,0,0.403087478559177,0.452830188679245
results/maimonides.edu.ar,132,0.545454545454545,0,0,0,0,0,0.454545454545455,0.545454545454545
results/manchester.ac.uk,4180,0.462200956937799,0.0217703349282297,0.000717703349282297,0,0.497846889952153,0,0.0174641148325358,0.484688995215311
results/manor.edu,8,0.5,0.375,0,0,0,0,0.125,0.875
results/manuu.ac.in,2,1,0,0,0,0,0,0,1
results/maseno.ac.ke,30,0.866666666666667,0,0,0,0.1,0,0.0333333333333333,0.866666666666667
results/matci.ac.ma,14,0.714285714285714,0,0,0,0.0714285714285714,0,0.214285714285714,0.714285714285714
results/mbs.ac.uk,2250,0.716,0.0217777777777778,0.000888888888888889,0,0.247111111111111,0,0.0142222222222222,0.738666666666667
results/mccc.edu,26,0.653846153846154,0.0384615384615385,0,0,0.115384615384615,0,0.192307692307692,0.692307692307692
results/mcc.commnet.edu,9,0,0.777777777777778,0,0,0,0,0.222222222222222,0.777777777777778
results/mcckc.edu,17,0.0588235294117647,0.0588235294117647,0,0,0.411764705882353,0,0.470588235294118,0.117647058823529
results/mcmaster.ca,2336,0.433647260273973,0.165239726027397,0,0,0.104880136986301,0,0.296232876712329,0.59888698630137
results/mcst.edu.sa,16,0.6875,0,0,0,0,0,0.3125,0.6875
results/mdis.uz,10,0.3,0.4,0,0,0.3,0,0,0.7
results/mehmetakif.edu.tr,127,0.031496062992126,0.94488188976378,0,0,0.0236220472440945,0,0,0.976377952755906
results/meijo-u.ac.jp,67,0.925373134328358,0,0,0,0,0,0.0746268656716418,0.925373134328358
results/mendelu.cz,527,0.455407969639469,0.459203036053131,0.00189753320683112,0,0.0132827324478178,0,0.0702087286527514,0.916508538899431
results/mendocino.edu,19,0.210526315789474,0.421052631578947,0,0,0.263157894736842,0,0.105263157894737,0.631578947368421
results/menofia.edu.eg,6,0.166666666666667,0,0,0,0.666666666666667,0,0.166666666666667,0.166666666666667
results/meredith.edu,23,0.391304347826087,0.0434782608695652,0,0,0.347826086956522,0,0.217391304347826,0.434782608695652
results/mesi.ru,13,0.153846153846154,0.230769230769231,0,0,0.307692307692308,0,0.307692307692308,0.384615384615385
results/mgsubikaner.ac.in,4,0.25,0,0,0,0.5,0,0.25,0.25
results/mh-hannover.de,48,0.4375,0.375,0,0,0.104166666666667,0,0.0833333333333334,0.8125
results/mist.ac.bd,85,0.905882352941176,0.0117647058823529,0,0,0.0588235294117647,0,0.0235294117647059,0.917647058823529
results/mitchellcc.edu,20,0.2,0.1,0,0,0.5,0,0.2,0.3
results/miun.se,317,0.189274447949527,0.00946372239747634,0,0,0.287066246056782,0,0.514195583596215,0.198738170347003
results/mku.edu.tr,124,0.0161290322580645,0.145161290322581,0.0161290322580645,0,0.82258064516129,0,0,0.17741935483871
results/mlsu.ac.in,108,0.981481481481482,0,0,0,0,0,0.0185185185185185,0.981481481481482
results/mmu.ac.uk,7,0.571428571428571,0.142857142857143,0,0,0.285714285714286,0,0,0.714285714285714
results/mnnit.ac.in,15,0.4,0.266666666666667,0,0,0.133333333333333,0,0.2,0.666666666666667
results/mohawkcollege.ca,171,0.116959064327485,0.175438596491228,0,0,0.415204678362573,0,0.292397660818714,0.292397660818713
results/molloy.edu,32,0.3125,0.25,0,0,0.25,0,0.1875,0.5625
results/monroecc.edu,55,0.145454545454545,0.0727272727272727,0,0,0.363636363636364,0,0.418181818181818,0.218181818181818
results/montgomerycollege.edu,88,0.272727272727273,0.102272727272727,0,0,0.227272727272727,0,0.397727272727273,0.375
results/morainevalley.edu,132,0.0909090909090909,0.128787878787879,0,0,0.295454545454545,0,0.484848484848485,0.21969696969697
results/moreheadstate.edu,32,0.3125,0.125,0,0,0.28125,0,0.28125,0.4375
results/most.gov.mm,28,0,0,0,0,0.0357142857142857,0,0.964285714285714,0
results/mountsaintvincent.edu,13,0.307692307692308,0.307692307692308,0,0,0.0769230769230769,0,0.307692307692308,0.615384615384615
results/mpc.edu,57,0,0.0175438596491228,0,0,0.175438596491228,0,0.807017543859649,0.0175438596491228
results/mru.ac.ug,40,0.925,0,0,0,0,0,0.075,0.925
results/mshdiau.ac.ir,217,0.599078341013825,0.0184331797235023,0,0,0.359447004608295,0,0.0230414746543779,0.617511520737327
results/msuac.edu.mn,46,0.782608695652174,0,0,0,0.0434782608695652,0,0.173913043478261,0.782608695652174
results/msubillings.edu,37,0.135135135135135,0.0540540540540541,0,0,0.594594594594595,0,0.216216216216216,0.189189189189189
results/msu.mogilev.by,41,0,1,0,0,0,0,0,1
results/mtc.edu.eg,1,0,0,0,0,1,0,0,0
results/musashino-music.ac.jp,5,0.8,0.2,0,0,0,0,0,1
results/muscatcollege.edu.om,7,0.285714285714286,0,0,0,0.428571428571429,0,0.285714285714286,0.285714285714286
results/muskingum.edu,10,0.5,0.3,0,0,0.1,0,0.1,0.8
results/must.ac.ug,70,0.828571428571429,0,0,0,0,0,0.171428571428571,0.828571428571429
results/mvcc.edu,27,0.185185185185185,0.111111111111111,0,0,0.222222222222222,0,0.481481481481482,0.296296296296296
results/mwcc.edu,56,0.142857142857143,0.214285714285714,0,0,0.214285714285714,0,0.428571428571429,0.357142857142857
results/nagasakipu.ac.jp,0,NA,NA,NA,NA,NA,NA,NA,NA
results/nahrainuniv.edu.iq,58,0.844827586206897,0,0,0,0.0862068965517241,0,0.0689655172413792,0.844827586206897
results/narotama.ac.id,224,0.0133928571428571,0.0892857142857143,0,0,0.366071428571429,0,0.53125,0.102678571428571
results/nbu.ac.jp,27,0.777777777777778,0.222222222222222,0,0,0,0,0,1
results/nccu.edu,93,0.0537634408602151,0.172043010752688,0,0,0.290322580645161,0,0.483870967741935,0.225806451612903
results/ncirl.ie,33,0.212121212121212,0.0303030303030303,0,0,0.515151515151515,0,0.242424242424242,0.242424242424242
results/ncnu.edu.tw,576,0.296875,0.255208333333333,0,0,0.375,0,0.0729166666666667,0.552083333333333
results/ncuindia.edu,21,0.666666666666667,0.0952380952380952,0,0,0.0476190476190476,0,0.19047619047619,0.761904761904762
results/ndpi.uz,111,0,0.981981981981982,0,0,0,0,0.0180180180180181,0.981981981981982
results/neu.edu,2081,0.382508409418549,0.0619894281595387,0,0,0.10187409899087,0,0.453628063431043,0.444497837578087
results/neu.edu.ph,70,0.942857142857143,0.0285714285714286,0,0,0,0,0.0285714285714286,0.971428571428571
results/neu.edu.tr,248,0.165322580645161,0.762096774193548,0,0,0.0725806451612903,0,0,0.92741935483871
results/nha-bg.org,10,0.7,0,0,0,0,0,0.3,0.7
results/nhu.edu.tw,1,1,0,0,0,0,0,0,1
results/niagaracc.suny.edu,7,0.285714285714286,0.428571428571429,0,0,0.285714285714286,0,0,0.714285714285714
results/nicc.edu,16,0.1875,0.1875,0,0,0.5,0,0.125,0.375
results/nic.edu,47,0.170212765957447,0.0212765957446809,0,0,0.702127659574468,0,0.106382978723404,0.191489361702128
results/nih.no,11,0.181818181818182,0,0.181818181818182,0,0.454545454545455,0.181818181818182,0.181818181818182,0.363636363636364
results/nitc.ac.in,67,0.552238805970149,0.328358208955224,0,0,0.0298507462686567,0,0.0895522388059701,0.880597014925373
results/nitpy.ac.in,2,1,0,0,0,0,0,0,1
results/niu.org.uk,2,0,0,0,0,0,0,1,0
results/njnu.edu.cn,102,0.147058823529412,0.0686274509803922,0,0,0.0686274509803922,0,0.715686274509804,0.215686274509804
results/njtu.edu.cn,41,0.195121951219512,0.48780487804878,0,0,0,0,0.317073170731707,0.682926829268293
results/njupt.edu.cn,157,0.0764331210191083,0.834394904458599,0,0,0.0382165605095541,0,0.0509554140127388,0.910828025477707
results/nlc.bc.ca,11,0.181818181818182,0.0909090909090909,0,0,0.545454545454545,0,0.181818181818182,0.272727272727273
results/nny.edu.tr,48,0.708333333333333,0,0,0,0.291666666666667,0,0,0.708333333333333
results/northeast.edu,26,0.0384615384615385,0.0769230769230769,0,0,0.0769230769230769,0,0.807692307692308,0.115384615384615
results/northshore.edu,28,0.392857142857143,0.0714285714285714,0,0,0.214285714285714,0,0.321428571428571,0.464285714285714
results/northwestern.edu,477,0.356394129979036,0.10062893081761,0,0,0.169811320754717,0,0.373165618448637,0.457023060796646
results/np.edu,20,0.15,0.25,0,0,0.3,0,0.3,0.4
results/ntb.ch,70,0.885714285714286,0.0285714285714286,0,0,0.0714285714285714,0,0.0142857142857143,0.914285714285714
results/ntc.edu,31,0.0967741935483871,0.161290322580645,0,0,0.516129032258065,0,0.225806451612903,0.258064516129032
results/ntnu.no,3,0.333333333333333,0.333333333333333,0,0,0,0,0.333333333333333,0.666666666666667
results/ntua.gr,1008,0.701388888888889,0.12797619047619,0,0,0.066468253968254,0,0.104166666666667,0.829365079365079
results/nyit.edu,117,0.487179487179487,0.0427350427350427,0,0,0.11965811965812,0,0.35042735042735,0.52991452991453
results/nyuad.nyu.edu,18,0.833333333333333,0.0555555555555556,0,0,0,0,0.111111111111111,0.888888888888889
results/ocad.ca,36,0.0833333333333333,0.194444444444444,0,0,0.0833333333333333,0,0.638888888888889,0.277777777777778
results/oit.ac.jp,31,0.387096774193548,0.193548387096774,0,0,0.0967741935483871,0,0.32258064516129,0.580645161290323
results/oita-u.ac.jp,122,0.401639344262295,0.483606557377049,0,0,0.0737704918032787,0,0.0409836065573771,0.885245901639344
results/okiu.ac.jp,25,0.32,0.64,0,0,0,0,0.04,0.96
results/olympia.edu.my,11,0,0.181818181818182,0,0,0.818181818181818,0,0,0.181818181818182
results/oradeauniversity.com,3,0,1,0,0,0,0,0,1
results/orun.ru,3,0.666666666666667,0.333333333333333,0,0,0,0,0,1
results/osaka-ue.ac.jp,14,0.785714285714286,0.0714285714285714,0,0,0,0,0.142857142857143,0.857142857142857
results/osmaniye.edu.tr,158,0.930379746835443,0.0443037974683544,0,0,0.0189873417721519,0,0.00632911392405067,0.974683544303797
results/otani.ac.jp,39,0.743589743589744,0.0256410256410256,0,0,0.128205128205128,0,0.102564102564103,0.769230769230769
results/ou.edu.vn,94,0.0425531914893617,0.0531914893617021,0,0,0.851063829787234,0,0.0531914893617021,0.0957446808510638
results/ovidunivconstanta-edu.org,1,0,1,0,0,0,0,0,1
results/oxy.edu,67,0.0895522388059701,0.134328358208955,0,0,0.582089552238806,0,0.194029850746269,0.223880597014925
results/pacificu.edu,63,0.698412698412698,0.0952380952380952,0,0,0.158730158730159,0,0.0476190476190477,0.793650793650794
results/pa.edu.az,8,0.375,0.25,0,0,0,0,0.375,0.625
results/palmbeachstate.edu,41,0.146341463414634,0.0731707317073171,0,0,0.609756097560976,0,0.170731707317073,0.219512195121951
results/pau.edu,53,0.886792452830189,0,0,0,0,0,0.113207547169811,0.886792452830189
results/pcc.edu,98,0.173469387755102,0.0102040816326531,0,0,0.0816326530612245,0,0.73469387755102,0.183673469387755
results/pcz.czest.pl,103,0.689320388349515,0.262135922330097,0,0,0.0388349514563107,0,0.00970873786407767,0.951456310679612
results/pdx.edu,500,0.64,0.098,0,0,0.086,0,0.176,0.738
results/perdanauniversity.edu.my,22,0.545454545454545,0.272727272727273,0,0,0.181818181818182,0,0,0.818181818181818
results/pgu.ac.ir,82,0.353658536585366,0.182926829268293,0,0,0.426829268292683,0,0.0365853658536586,0.536585365853659
results/ph-erfurt.de,2,0,1,0,0,0,0,0,1
results/ph-gmuend.de,51,0.96078431372549,0,0,0,0.0392156862745098,0,0,0.96078431372549
results/phoenix.edu,227,0.127753303964758,0.0572687224669604,0,0,0.0616740088105727,0,0.753303964757709,0.185022026431718
results/phsz.ch,33,0.727272727272727,0.0303030303030303,0,0,0.242424242424242,0,0,0.757575757575758
results/pjwstk.edu.pl,225,0.675555555555556,0.04,0,0,0.244444444444444,0,0.04,0.715555555555556
results/plm.edu.ph,6,0.5,0,0,0,0.5,0,0,0.5
results/pmm.edu.my,1,1,0,0,0,0,0,0,1
results/polak.edu.lv,0,NA,NA,NA,NA,NA,NA,NA,NA
results/polisas.edu.my,20,0.9,0,0,0,0.05,0,0.0499999999999999,0.9
results/polytech-lille.fr,35,0.0857142857142857,0.914285714285714,0,0,0,0,0,1
results/ppcc.edu,31,0.032258064516129,0.161290322580645,0,0,0.225806451612903,0,0.580645161290323,0.193548387096774
results/pratt.edu,120,0.808333333333333,0.0166666666666667,0,0,0.025,0,0.15,0.825
results/principia.edu,16,0.5,0,0,0,0.1875,0,0.3125,0.5
results/privrednaakademija.edu.rs,3,0,0,0,0,0.666666666666667,0,0.333333333333333,0
results/prz.rzeszow.pl,62,0.870967741935484,0.032258064516129,0,0,0.0806451612903226,0,0.0161290322580645,0.903225806451613
results/psu.ac.th,1117,0.564010743061773,0.0787824529991047,0,0,0.305282005371531,0,0.0519247985675918,0.642793196060877
results/puce.edu.ec,40,0.5,0.325,0,0,0.1,0,0.075,0.825
results/pucminas.br,126,0.746031746031746,0.0476190476190476,0,0,0.142857142857143,0,0.0634920634920635,0.793650793650794
results/purdue.edu,559,0.338103756708408,0.0769230769230769,0,0,0.175313059033989,0,0.409660107334526,0.415026833631485
results/pust.urbe.it,1,1,0,0,0,0,0,0,1
results/puv.fi,50,0.8,0.04,0,0,0.04,0,0.12,0.84
results/pzhu.edu.cn,21,0.19047619047619,0.0476190476190476,0,0,0.428571428571429,0,0.333333333333333,0.238095238095238
results/qou.edu,54,0,0.277777777777778,0,0,0.703703703703704,0,0.0185185185185185,0.277777777777778
results/qust.edu.cn,218,0.00917431192660551,0.00917431192660551,0,0,0,0,0.981651376146789,0.018348623853211
results/rabindrabharatiuniversity.net,0,NA,NA,NA,NA,NA,NA,NA,NA
results/ramapo.edu,77,0.714285714285714,0.012987012987013,0,0,0.103896103896104,0,0.168831168831169,0.727272727272727
results/ranchiuniversity.org.in,2,0,0,0,0,1,0,0,0
results/raubikaner.org,4,0,0,0,0,0.75,0,0.25,0
results/rcc.mass.edu,7,0.428571428571429,0.142857142857143,0,0,0.285714285714286,0,0.142857142857143,0.571428571428571
results/rct.edu.sa,5,0,0.6,0,0,0,0,0.4,0.6
results/reitaku-u.ac.jp,23,0.956521739130435,0,0,0,0,0,0.0434782608695652,0.956521739130435
results/rhbnc.ac.uk,24,0.666666666666667,0,0,0,0.333333333333333,0,0,0.666666666666667
results/richlandcollege.edu,6,0,0.333333333333333,0,0,0.5,0,0.166666666666667,0.333333333333333
results/richland.edu,19,0.526315789473684,0.105263157894737,0,0,0.263157894736842,0,0.105263157894737,0.631578947368421
results/riphah.edu.pk,85,0.0117647058823529,0.0235294117647059,0,0,0.588235294117647,0,0.376470588235294,0.0352941176470588
results/ripon.edu,11,0.0909090909090909,0,0,0,0.909090909090909,0,0,0.0909090909090909
results/ris.ac.jp,27,0.777777777777778,0.037037037037037,0,0,0.148148148148148,0,0.037037037037037,0.814814814814815
results/ritsumei.ac.jp,216,0.486111111111111,0.25462962962963,0,0,0.0694444444444444,0,0.189814814814815,0.740740740740741
results/rmcc.edu,2,0,1,0,0,0,0,0,1
results/rose.edu,77,0.038961038961039,0.0909090909090909,0,0,0.285714285714286,0,0.584415584415584,0.12987012987013
results/rossu.edu,49,0.285714285714286,0.326530612244898,0,0,0.163265306122449,0,0.224489795918367,0.612244897959184
results/royalholloway.ac.uk,53,0.622641509433962,0.0377358490566038,0,0,0.226415094339623,0,0.113207547169811,0.660377358490566
results/rsmu.da.ru,2,1,0,0,0,0,0,0,1
results/rub.edu.bt,13,0.692307692307692,0.230769230769231,0,0,0,0,0.0769230769230769,0.923076923076923
results/ruc.edu.cn,289,0.0207612456747405,0.0103806228373702,0,0,0.00346020761245675,0,0.965397923875433,0.0311418685121107
results/rums.ac.ir,90,0.111111111111111,0.0111111111111111,0,0,0.822222222222222,0,0.0555555555555556,0.122222222222222
results/ryerson.ca,614,0.198697068403909,0.0309446254071661,0,0,0.0749185667752443,0,0.695439739413681,0.229641693811075
results/sacrocuore.org,30,0,0,0,0,0.8,0,0.2,0
results/sadra.ac.ir,21,0.571428571428571,0,0,0,0.142857142857143,0,0.285714285714286,0.571428571428571
results/saito.edu.my,112,0.875,0,0,0,0.0714285714285714,0,0.0535714285714286,0.875
results/sakushin-u.ac.jp,11,0.909090909090909,0,0,0,0.0909090909090909,0,0,0.909090909090909
results/salemcc.edu,18,0,0.333333333333333,0,0,0.333333333333333,0,0.333333333333333,0.333333333333333
results/sandau.edu.cn,96,0.0416666666666667,0.854166666666667,0,0,0.0208333333333333,0,0.0833333333333334,0.895833333333333
results/sapanet.ru,10,0,1,0,0,0,0,0,1
results/sau.edu,42,0.142857142857143,0.19047619047619,0,0,0.142857142857143,0,0.523809523809524,0.333333333333333
results/saxion.edu,4,0.5,0,0,0,0,0,0.5,0.5
results/sbg.ac.at,689,0.645863570391872,0.0638606676342525,0,0,0.142235123367199,0,0.148040638606676,0.709724238026125
results/scad.edu,417,0.270983213429257,0.182254196642686,0,0,0.0431654676258993,0,0.503597122302158,0.453237410071942
results/scau.edu.cn,244,0.688524590163934,0.131147540983607,0,0,0.0327868852459016,0,0.147540983606557,0.819672131147541
results/schillerparis.com,4,0,1,0,0,0,0,0,1
results/sctech.edu,62,0.258064516129032,0.161290322580645,0,0,0.451612903225806,0,0.129032258064516,0.419354838709677
results/sct.edu,0,NA,NA,NA,NA,NA,NA,NA,NA
results/scu.ac.ir,143,0.622377622377622,0.0699300699300699,0,0,0.265734265734266,0,0.041958041958042,0.692307692307692
results/sdmesa.edu,28,0.0714285714285714,0,0,0,0.642857142857143,0,0.285714285714286,0.0714285714285714
results/sdut.edu.cn,277,0.606498194945848,0.32129963898917,0,0,0.0288808664259928,0,0.0433212996389892,0.927797833935018
results/seeu.edu.mk,34,0.705882352941177,0,0,0,0.235294117647059,0,0.0588235294117647,0.705882352941177
results/semgu.kz,213,0.812206572769953,0,0,0,0.028169014084507,0,0.15962441314554,0.812206572769953
results/sendaidaigaku.jp,8,1,0,0,0,0,0,0,1
results/senshu-u.ac.jp,92,0.717391304347826,0.152173913043478,0,0,0.0434782608695652,0,0.0869565217391305,0.869565217391304
results/seu.edu.cn,261,0.302681992337165,0.187739463601533,0,0,0.0766283524904215,0,0.432950191570881,0.490421455938697
results/sewanee.edu,462,0.558441558441558,0.0216450216450216,0,0,0.0346320346320346,0,0.385281385281385,0.58008658008658
results/sfa.ba,28,0,0.5,0,0,0,0,0.5,0.5
results/sgu.ac.jp,52,0.615384615384615,0.230769230769231,0,0,0.0384615384615385,0,0.115384615384615,0.846153846153846
results/sgu.ac.kr,10,1,0,0,0,0,0,0,1
results/shahroodut.ac.ir,168,0.458333333333333,0.375,0,0,0.119047619047619,0,0.0476190476190477,0.833333333333333
results/shannoncollege.com,6,1,0,0,0,0,0,0,1
results/sheridancollege.ca,359,0.356545961002786,0.0417827298050139,0,0,0.540389972144847,0,0.0612813370473538,0.398328690807799
results/shokei-gakuen.ac.jp,14,0.857142857142857,0,0,0,0.142857142857143,0,0,0.857142857142857
results/shuchiin.ac.jp,8,0.5,0,0,0,0.5,0,0,0.5
results/sil.edu.pe,11,0.363636363636364,0,0,0,0.272727272727273,0,0.363636363636364,0.363636363636364
results/siu.ac.jp,20,0.7,0,0,0,0.3,0,0,0.7
results/siu.edu.bd,4,1,0,0,0,0,0,0,1
results/sjrstate.edu,40,0.3,0.2,0,0,0.25,0,0.25,0.5
results/skidmore.edu,1228,0.618892508143323,0.0228013029315961,0,0,0.0407166123778502,0,0.317589576547231,0.641693811074919
results/skylineuniversity.com,0,NA,NA,NA,NA,NA,NA,NA,NA
results/sliate.net,4,0,0,0,0,0,0,1,0
results/snu.edu,112,0.517857142857143,0,0,0,0.428571428571429,0,0.0535714285714286,0.517857142857143
results/soas.ac.uk,298,0.174496644295302,0.308724832214765,0,0,0.375838926174497,0,0.140939597315436,0.483221476510067
results/sohag-univ.edu.eg,103,0.854368932038835,0,0,0,0.116504854368932,0,0.029126213592233,0.854368932038835
results/soken.ac.jp,71,0.47887323943662,0.140845070422535,0,0,0.028169014084507,0,0.352112676056338,0.619718309859155
results/sothebysinstitutelondon.com,4,0,0,0,0,0,0,1,0
results/sou.edu,278,0.244604316546763,0.0431654676258993,0,0,0.136690647482014,0,0.575539568345324,0.287769784172662
results/southasianuniversity.org,4,1,0,0,0,0,0,0,1
results/southeast.edu,86,0.0930232558139535,0.0465116279069767,0,0,0.13953488372093,0,0.720930232558139,0.13953488372093
results/spbgau.spb.ru,8,0,0.75,0,0,0,0,0.25,0.75
results/spbtei.ru,22,0,1,0,0,0,0,0,1
results/spu.ac.jp,8,1,0,0,0,0,0,0,1
results/src.edu,18,0,0,0,0,0.777777777777778,0,0.222222222222222,0
results/ssau.ru,418,0.794258373205742,0.15311004784689,0,0,0.0143540669856459,0,0.0382775119617225,0.947368421052632
results/staffs.ac.uk,322,0.0496894409937888,0.267080745341615,0.0186335403726708,0,0.422360248447205,0.0124223602484472,0.242236024844721,0.335403726708075
results/stamforduniversity.edu.bd,82,0.926829268292683,0,0,0,0,0,0.073170731707317,0.926829268292683
results/stanford.edu,1409,0.546486870120653,0.181689141234918,0.0007097232079489,0,0.0503903477643719,0,0.220723917672108,0.72888573456352
results/stcc.edu,32,0.34375,0.09375,0,0,0.4375,0,0.125,0.4375
results/stmartin.edu,33,0.0606060606060606,0.0303030303030303,0,0,0.878787878787879,0,0.0303030303030303,0.0909090909090909
results/stmarys.ca,751,0.761651131824234,0.0559254327563249,0,0,0.126498002663116,0,0.0559254327563249,0.817576564580559
results/stmu.org,4,0,0,0,0,0,0,1,0
results/stockton.edu,92,0.119565217391304,0.347826086956522,0,0,0.326086956521739,0,0.206521739130435,0.467391304347826
results/stratford.edu,34,0.264705882352941,0.147058823529412,0,0,0.411764705882353,0,0.176470588235294,0.411764705882353
results/su.edu.sa,9,0.333333333333333,0,0,0,0.555555555555556,0,0.111111111111111,0.333333333333333
results/suffolk.edu,76,0.513157894736842,0.0921052631578947,0,0,0.184210526315789,0,0.210526315789474,0.605263157894737
results/suh-edu.com,19,0,1,0,0,0,0,0,1
results/sun.ac.za,365,0.413698630136986,0.257534246575342,0,0,0.172602739726027,0,0.156164383561644,0.671232876712329
results/sungkyul.ac.kr,15,0.4,0.266666666666667,0,0,0.0666666666666667,0,0.266666666666667,0.666666666666667
results/sunyocc.edu,48,0.166666666666667,0.145833333333333,0,0,0.645833333333333,0,0.0416666666666666,0.3125
results/supsi.ch,318,0.69811320754717,0.050314465408805,0,0,0.0377358490566038,0,0.213836477987421,0.748427672955975
results/surry.edu,27,0.037037037037037,0.259259259259259,0,0,0.555555555555556,0,0.148148148148148,0.296296296296296
results/surugadai.ac.jp,9,0.666666666666667,0.111111111111111,0,0,0.111111111111111,0,0.111111111111111,0.777777777777778
results/susla.edu,14,0.0714285714285714,0.428571428571429,0,0,0.428571428571429,0,0.0714285714285715,0.5
results/sust.edu,18,0.777777777777778,0.111111111111111,0,0,0,0,0.111111111111111,0.888888888888889
results/suwon.ac.kr,65,0.8,0.0307692307692308,0,0,0.0615384615384615,0,0.107692307692308,0.830769230769231
results/swtc.edu,13,0.230769230769231,0.0769230769230769,0,0,0.384615384615385,0,0.307692307692308,0.307692307692308
results/swu.edu.ph,8,0.125,0,0,0,0,0,0.875,0.125
results/sxu.edu.cn,56,0.910714285714286,0.0535714285714286,0,0,0.0178571428571429,0,0.0178571428571429,0.964285714285714
results/szu.edu.af,4,0,0.5,0,0,0.5,0,0,0.5
results/szu.edu.cn,165,0,0.0242424242424242,0,0,0.0121212121212121,0,0.963636363636364,0.0242424242424242
results/taftcollege.edu,57,0.473684210526316,0.0350877192982456,0,0,0.315789473684211,0,0.175438596491228,0.508771929824561
results/taj.edu.my,6,0,0.333333333333333,0,0,0,0,0.666666666666667,0.333333333333333
results/takara-univ.ac.jp,4,0.5,0,0,0,0.5,0,0,0.5
results/tamabi.ac.jp,82,0.853658536585366,0.0487804878048781,0,0,0.0975609756097561,0,0,0.902439024390244
results/tamucc.edu,1728,0.486111111111111,0.0115740740740741,0,0,0.0289351851851852,0,0.47337962962963,0.497685185185185
results/tarc.edu.my,102,0.0392156862745098,0.0392156862745098,0,0,0,0,0.92156862745098,0.0784313725490196
results/tcu.edu,1982,0.133198789101917,0.427850655903128,0,0,0.142280524722503,0,0.296670030272452,0.561049445005045
results/tecbc.mx,6,1,0,0,0,0,0,0,1
results/teikal.gr,88,0.795454545454545,0.0227272727272727,0,0,0.113636363636364,0,0.0681818181818182,0.818181818181818
results/teikav.edu.gr,118,0.796610169491525,0.0338983050847458,0,0,0.144067796610169,0,0.0254237288135594,0.830508474576271
results/teiser.gr,122,0.163934426229508,0,0,0,0.819672131147541,0,0.0163934426229508,0.163934426229508
results/teiwest.gr,162,0.925925925925926,0.0123456790123457,0,0,0.0617283950617284,0,0,0.938271604938272
results/tezu.ernet.in,28,1,0,0,0,0,0,0,1
results/tfu.ac.jp,19,0.947368421052632,0,0,0,0,0,0.0526315789473685,0.947368421052632
results/th-brandenburg.de,292,0.315068493150685,0.664383561643836,0,0,0.00684931506849315,0,0.0136986301369864,0.97945205479452
results/thh-friedensau.de,25,0.16,0.52,0,0,0.32,0,0,0.68
results/thu.edu.tw,1086,0.702578268876611,0.148250460405157,0,0,0.0791896869244936,0,0.0699815837937384,0.850828729281768
results/tilburguniversity.nl,4,1,0,0,0,0,0,0,1
results/tiss.edu,367,0.711171662125341,0.26158038147139,0,0,0,0,0.0272479564032698,0.97275204359673
results/tncc.edu,48,0,0.75,0,0,0.0416666666666667,0,0.208333333333333,0.75
results/tohoku.ac.jp,2525,0.76,0.121584158415842,0.00158415841584158,0.000792079207920792,0.019009900990099,0,0.097029702970297,0.883960396039604
results/tokushima-u.ac.jp,415,0.787951807228916,0.101204819277108,0,0,0.036144578313253,0,0.0746987951807229,0.889156626506024
results/toledo.br,96,0.770833333333333,0.0208333333333333,0,0,0,0,0.208333333333333,0.791666666666667
results/toyoeiwa.ac.jp,12,0.5,0.166666666666667,0,0,0.166666666666667,0,0.166666666666667,0.666666666666667
results/tpmcollege.edu.my,4,0,0,0,0,1,0,0,0
results/trinitydc.edu,50,0.24,0.12,0,0,0.44,0,0.2,0.36
results/truni.sk,170,0.823529411764706,0.0470588235294118,0,0,0.105882352941176,0,0.0235294117647059,0.870588235294118
results/tspu.edu.ru,388,0.0618556701030928,0.938144329896907,0,0,0,0,0,1
results/tuad.ac.jp,44,0.954545454545455,0.0454545454545455,0,0,0,0,0,1
results/tuaf.edu.vn,66,0.0909090909090909,0.0606060606060606,0,0,0.848484848484849,0,0,0.151515151515152
results/tu-darmstadt.de,1786,0.689809630459127,0.251959686450168,0.00167973124300112,0.000559910414333707,0.0246360582306831,0,0.0313549832026875,0.944008958566629
results/tufs.ac.jp,53,0.849056603773585,0.0754716981132075,0,0,0.0188679245283019,0,0.0566037735849056,0.924528301886792
results/tuke.sk,643,0.752721617418352,0.150855365474339,0,0,0.0668740279937792,0,0.0295489891135303,0.903576982892691
results/tukkk.fi,2,1,0,0,0,0,0,0,1
results/tum.ac.ke,17,0.882352941176471,0.0588235294117647,0,0,0,0,0.0588235294117647,0.941176470588235
results/tup.km.ua,9,0,1,0,0,0,0,0,1
results/tusculum.edu,48,0.8125,0.0208333333333333,0,0,0.145833333333333,0,0.0208333333333334,0.833333333333333
results/tusom.org,2,0,1,0,0,0,0,0,1
results/tut.fi,142,0.795774647887324,0.154929577464789,0,0,0.00704225352112676,0,0.0422535211267605,0.950704225352113
results/tuzvo.sk,114,0.140350877192982,0.754385964912281,0,0,0.0789473684210526,0,0.0263157894736842,0.894736842105263
results/uaa.edu.py,19,0.894736842105263,0,0,0,0.105263157894737,0,0,0.894736842105263
results/uaar.edu.pk,39,0.205128205128205,0,0,0,0.641025641025641,0,0.153846153846154,0.205128205128205
results/uab.edu,752,0.418882978723404,0.0877659574468085,0,0,0.295212765957447,0,0.19813829787234,0.506648936170213
results/uab.edu.bo,15,0.933333333333333,0,0,0,0.0666666666666667,0,0,0.933333333333333
results/uacj.mx,80,0.375,0,0,0,0.2,0,0.425,0.375
results/uacm.edu.mx,39,0.717948717948718,0.0512820512820513,0,0,0.128205128205128,0,0.102564102564103,0.769230769230769
results/uade.edu.ar,12,0.666666666666667,0,0,0,0.166666666666667,0,0.166666666666667,0.666666666666667
results/ua.es,713,0.726507713884993,0.0715287517531557,0,0,0.150070126227209,0,0.0518934081346423,0.798036465638149
results/uamont.edu,82,0,0,0,0,0.0609756097560976,0,0.939024390243902,0
results/uancv.edu.pe,505,0.576237623762376,0,0,0,0,0,0.423762376237624,0.576237623762376
results/uantof.cl,68,0.838235294117647,0.0147058823529412,0,0,0.0735294117647059,0,0.0735294117647058,0.852941176470588
results/uap-bd.edu,17,0.823529411764706,0,0,0,0.117647058823529,0,0.0588235294117647,0.823529411764706
results/ua.pt,474,0.0611814345991561,0.124472573839662,0,0,0.746835443037975,0,0.0675105485232068,0.185654008438819
results/uast.ac.ir,36,0.194444444444444,0.277777777777778,0,0,0.5,0,0.0277777777777778,0.472222222222222
results/ubd.edu.bn,41,0.658536585365854,0.0731707317073171,0,0,0.170731707317073,0,0.0975609756097561,0.731707317073171
results/ub.edu.ar,31,0.419354838709677,0.225806451612903,0,0,0.354838709677419,0,0,0.645161290322581
results/ubi.pt,393,0.834605597964377,0.00763358778625954,0,0,0.124681933842239,0,0.0330788804071247,0.842239185750636
results/ucasal.net,5,1,0,0,0,0,0,0,1
results/ucbcba.edu.bo,9,0.888888888888889,0,0,0,0.111111111111111,0,0,0.888888888888889
results/uc-bcf.edu.ph,12,0.166666666666667,0,0,0,0.75,0,0.0833333333333334,0.166666666666667
results/ucb.edu.pr,17,0.352941176470588,0,0,0,0.647058823529412,0,0,0.352941176470588
results/ucbukavu.ac.cd,8,1,0,0,0,0,0,0,1
results/uccaribe.edu,3,0,0,0,0,0.333333333333333,0,0.666666666666667,0
results/uccuyo.edu.ar,37,0.891891891891892,0.108108108108108,0,0,0,0,0,1
results/uc.edu.ve,293,0.856655290102389,0.0784982935153584,0,0,0.0136518771331058,0,0.0511945392491467,0.935153583617747
results/ucem.edu.mx,4,0.75,0,0,0,0.25,0,0,0.75
results/ucem.edu.ni,11,0.727272727272727,0,0,0,0,0,0.272727272727273,0.727272727272727
results/ucentral.edu.co,28,0.535714285714286,0.0357142857142857,0,0,0,0,0.428571428571429,0.571428571428571
results/u-cergy.fr,335,0.776119402985075,0.0238805970149254,0,0,0.0417910447761194,0,0.158208955223881,0.8
results/ucervantes.cl,2,1,0,0,0,0,0,0,1
results/ucg.gr,1,0,1,0,0,0,0,0,1
results/uchile.cl,2649,0.742544356360891,0.110607776519441,0,0,0.0169875424688562,0,0.129860324650812,0.853152132880332
results/ucla.edu,656,0.469512195121951,0.125,0.00152439024390244,0,0.257621951219512,0,0.146341463414634,0.596036585365854
results/ucm.sk,83,0.819277108433735,0.0963855421686747,0,0,0.036144578313253,0,0.0481927710843374,0.91566265060241
results/uco.edu,155,0.109677419354839,0.0387096774193548,0,0,0.0967741935483871,0,0.754838709677419,0.148387096774194
results/ucol.mx,119,0.689075630252101,0.0252100840336134,0,0,0.184873949579832,0,0.100840336134454,0.714285714285714
results/ucsa.edu.py,8,0.375,0,0,0,0.375,0,0.25,0.375
results/ucy.ac.cy,359,0.707520891364902,0.0501392757660167,0,0,0.144846796657382,0,0.0974930362116991,0.757660167130919
results/uda.edu.ar,13,0.615384615384615,0,0,0,0.307692307692308,0,0.0769230769230769,0.615384615384615
results/udallas.edu,39,0.128205128205128,0.102564102564103,0,0,0.282051282051282,0,0.487179487179487,0.230769230769231
results/udenar.edu.co,97,0.88659793814433,0.0103092783505155,0,0,0.0824742268041237,0,0.020618556701031,0.896907216494845
results/udesarrollo.cl,3,0.666666666666667,0,0,0,0,0,0.333333333333333,0.666666666666667
results/udes.edu.co,119,0.226890756302521,0.252100840336134,0,0,0.403361344537815,0,0.117647058823529,0.478991596638655
results/udg.es,30,0.8,0,0,0,0.166666666666667,0,0.0333333333333333,0.8
results/udmercy.edu,191,0.764397905759162,0.0157068062827225,0.00523560209424084,0,0.031413612565445,0,0.183246073298429,0.785340314136126
results/udo.mx,11,0.454545454545455,0,0,0,0.545454545454545,0,0,0.454545454545455
results/udp.cl,331,0.0634441087613293,0.0120845921450151,0,0,0.619335347432024,0,0.305135951661631,0.0755287009063444
results/ue.edu.ph,6,0.166666666666667,0.666666666666667,0,0,0,0,0.166666666666667,0.833333333333333
results/uef.ru,94,0,1,0,0,0,0,0,1
results/uefs.br,181,0.762430939226519,0.0110497237569061,0,0,0.104972375690608,0,0.121546961325967,0.773480662983425
results/uel.ac.uk,92,0.25,0.0652173913043478,0,0,0.445652173913043,0,0.239130434782609,0.315217391304348
results/uenogakuen.ac.jp,5,1,0,0,0,0,0,0,1
results/uerj.br,691,0.768451519536903,0.0636758321273517,0.00868306801736614,0,0.0289435600578871,0.00868306801736614,0.130246020260492,0.840810419681621
results/uerm.edu.ph,9,0.888888888888889,0,0,0,0,0,0.111111111111111,0.888888888888889
results/uesiglo21.edu.ar,10,0.3,0.1,0,0,0.6,0,0,0.4
results/ufla.br,271,0.357933579335793,0.597785977859779,0,0,0.025830258302583,0,0.018450184501845,0.955719557195572
results/ufl.edu,4315,0.665353418308227,0.0199304750869061,0.00115874855156431,0,0.156894553881808,0.00115874855156431,0.156662804171495,0.686442641946698
results/ufpa.br,764,0.845549738219895,0.0955497382198953,0.00130890052356021,0,0.00392670157068063,0,0.0536649214659686,0.942408376963351
results/ufp.pt,177,0.80225988700565,0.0847457627118644,0,0,0.0621468926553672,0,0.0508474576271186,0.887005649717514
results/ufrgs.br,568,0.496478873239437,0.424295774647887,0,0,0.0651408450704225,0,0.0140845070422535,0.920774647887324
results/ufrn.br,929,0.657696447793326,0.294940796555436,0,0,0.00215285252960172,0,0.0452099031216362,0.952637244348762
results/ufro.cl,317,0.678233438485804,0.290220820189274,0,0,0.00315457413249211,0,0.028391167192429,0.968454258675079
results/ufv.br,1151,0.346655082536924,0.609904430929626,0,0,0.00955690703735882,0,0.0338835794960903,0.956559513466551
results/ugm.ac.id,9292,0.0232458028411537,0.954261730520878,0,0,0.00118381403357727,0,0.0213086526043909,0.977507533362032
results/ugma.edu.ve,2,0,0,0,0,1,0,0,0
results/ugto.mx,143,0.559440559440559,0.041958041958042,0,0,0.181818181818182,0,0.216783216783217,0.601398601398601
results/uho.edu.cu,24,0,1,0,0,0,0,0,1
results/uia.mx,60,0.45,0.0166666666666667,0,0,0.483333333333333,0,0.0499999999999999,0.466666666666667
results/ui.edu.ng,253,0.0948616600790514,0.0158102766798419,0,0,0.869565217391304,0,0.0197628458498024,0.110671936758893
results/uist.edu.mk,47,0.914893617021277,0,0,0,0,0,0.0851063829787234,0.914893617021277
results/ujmd.edu.sv,24,0.75,0,0,0,0,0,0.25,0.75
results/ukdw.ac.id,101,0.871287128712871,0.0099009900990099,0,0,0.099009900990099,0,0.0198019801980198,0.881188118811881
results/u-keiai.ac.jp,14,0.928571428571429,0,0,0,0,0,0.0714285714285714,0.928571428571429
results/ukma.kiev.ua,134,0.992537313432836,0.00746268656716418,0,0,0,0,0,1
results/ukrida.ac.id,21,0.523809523809524,0.380952380952381,0,0,0.0952380952380952,0,0,0.904761904761905
results/uktech.ac.in,16,0.625,0,0,0,0.3125,0,0.0625,0.625
results/ulatina.ac.cr,58,0.672413793103448,0.0172413793103448,0,0,0.137931034482759,0,0.172413793103448,0.689655172413793
results/ula.ve,71,0.887323943661972,0.028169014084507,0,0,0.0845070422535211,0,0,0.915492957746479
results/ulb.ac.be,626,0.849840255591054,0.0575079872204473,0,0,0.0191693290734824,0,0.0734824281150159,0.907348242811502
results/ulk.ac.rw,3,0.666666666666667,0,0,0,0.333333333333333,0,0,0.666666666666667
results/ulm.edu,48,0.666666666666667,0.145833333333333,0.0208333333333333,0,0.125,0,0.0416666666666667,0.833333333333333
results/ulspu.ru,31,0.741935483870968,0.0967741935483871,0,0,0.0967741935483871,0,0.064516129032258,0.838709677419355
results/umaine.edu,188,0.180851063829787,0.712765957446808,0,0,0.0691489361702128,0,0.0372340425531915,0.893617021276596
results/umbb.dz,12,1,0,0,0,0,0,0,1
results/umd.edu,103,0.378640776699029,0.0776699029126214,0,0,0.106796116504854,0,0.436893203883495,0.456310679611651
results/um.edu.my,330,0.272727272727273,0.445454545454545,0,0,0.0181818181818182,0,0.263636363636364,0.718181818181818
results/umk.edu.my,121,0.900826446280992,0.0165289256198347,0.0413223140495868,0,0.0165289256198347,0,0.0247933884297521,0.958677685950413
results/uml.edu,174,0.293103448275862,0.0919540229885057,0,0,0.53448275862069,0,0.0804597701149425,0.385057471264368
results/umy.ac.id,389,0.0539845758354756,0.879177377892031,0,0,0.0488431876606684,0,0.0179948586118251,0.933161953727506
results/unab.cl,129,0.286821705426357,0.13953488372093,0,0,0.503875968992248,0,0.0697674418604651,0.426356589147287
results/unachi.ac.pa,11,0.636363636363636,0.363636363636364,0,0,0,0,0,1
results/unad.edu.co,122,0.844262295081967,0.0245901639344262,0,0,0.0819672131147541,0,0.0491803278688524,0.868852459016394
results/unb.ca,218,0.610091743119266,0.137614678899083,0,0,0.0596330275229358,0,0.192660550458716,0.747706422018349
results/unbc.ca,231,0.333333333333333,0.0606060606060606,0,0,0.0952380952380952,0,0.510822510822511,0.393939393939394
results/unbsj.ca,28,1,0,0,0,0,0,0,1
results/undip.ac.id,1739,0.837837837837838,0.000575043128234618,0,0,0.00172512938470385,0,0.159861989649224,0.838412880966072
results/unge.gq,0,NA,NA,NA,NA,NA,NA,NA,NA
results/unibas.it,67,0.835820895522388,0.0298507462686567,0,0,0.0149253731343284,0,0.119402985074627,0.865671641791045
results/unib.br,1,1,0,0,0,0,0,0,1
results/unibg.it,213,0.727699530516432,0.0751173708920188,0,0,0.107981220657277,0,0.0892018779342724,0.802816901408451
results/unibosco.br,1,0,0,0,0,1,0,0,0
results/unic.ac.cy,183,0.382513661202186,0.163934426229508,0.0163934426229508,0,0.327868852459016,0,0.109289617486339,0.562841530054645
results/unica.it,287,0.721254355400697,0.212543554006969,0.00348432055749129,0,0.0139372822299652,0,0.0487804878048781,0.937282229965157
results/unicaribe.edu.do,17,0.117647058823529,0,0,0,0,0,0.882352941176471,0.117647058823529
results/unicastelo.br,0,NA,NA,NA,NA,NA,NA,NA,NA
results/unicen.edu.ar,434,0.483870967741935,0.0552995391705069,0,0,0.00460829493087558,0,0.456221198156682,0.539170506912442
results/unicid.br,3,0,0,0,0,0,0,1,0
results/unideb.hu,1044,0.947318007662835,0.0277777777777778,0.00383141762452107,0,0.010536398467433,0,0.0105363984674329,0.978927203065134
results/uni.edu,36,0.138888888888889,0.138888888888889,0,0,0.166666666666667,0,0.555555555555556,0.277777777777778
results/uni-erfurt.de,88,0.215909090909091,0.534090909090909,0.0909090909090909,0,0.147727272727273,0,0.0113636363636364,0.840909090909091
results/unifacs.br,134,0.082089552238806,0,0,0,0.902985074626866,0,0.0149253731343283,0.082089552238806
results/unigranrio.br,6,0.166666666666667,0,0,0,0,0,0.833333333333333,0.166666666666667
results/unikom.ac.id,1691,0.0845653459491425,0.00768775872264932,0.000591366055588409,0,0.00827912477823773,0,0.898876404494382,0.0928444707273802
results/unimas.my,197,0.0761421319796954,0.741116751269036,0,0,0.0050761421319797,0,0.177664974619289,0.817258883248731
results/unimib.it,555,0.621621621621622,0.120720720720721,0,0.0036036036036036,0.0990990990990991,0,0.154954954954955,0.745945945945946
results/unine.ch,121,0.84297520661157,0.0413223140495868,0,0,0.0991735537190083,0,0.0165289256198348,0.884297520661157
results/unin.hr,52,0.865384615384615,0,0,0,0.0576923076923077,0,0.0769230769230769,0.865384615384615
results/unipe.br,35,0.342857142857143,0.0285714285714286,0,0,0.457142857142857,0,0.171428571428571,0.371428571428571
results/uni-plovdiv.bg,123,0.853658536585366,0.0813008130081301,0,0,0.016260162601626,0,0.0487804878048781,0.934959349593496
results/unipv.it,698,0.696275071633238,0.0501432664756447,0.00859598853868195,0,0.100286532951289,0.00859598853868195,0.144699140401146,0.755014326647565
results/unirsm.sm,16,0.375,0.5625,0,0,0.0625,0,0,0.9375
results/unisa.br,19,0.421052631578947,0.157894736842105,0,0,0.0526315789473684,0,0.368421052631579,0.578947368421053
results/unisg.ch,339,0.424778761061947,0.250737463126844,0,0,0.138643067846608,0,0.185840707964602,0.675516224188791
results/unissula.ac.id,132,0.621212121212121,0.0151515151515152,0,0,0.333333333333333,0,0.0303030303030303,0.636363636363636
results/uni-stuttgart.de,1670,0.44251497005988,0.508383233532934,0.00119760479041916,0,0.0251497005988024,0,0.0227544910179641,0.952095808383233
results/uniswa.sz,24,1,0,0,0,0,0,0,1
results/unitbv.ro,170,0.523529411764706,0.241176470588235,0,0,0.152941176470588,0,0.0823529411764705,0.764705882352941
results/uniten.edu.my,84,0.166666666666667,0,0,0,0.404761904761905,0,0.428571428571429,0.166666666666667
results/univagro-iasi.ro,2,0,0,0,0,1,0,0,0
results/univ-avignon.fr,347,0.795389048991354,0.141210374639769,0,0,0,0,0.0634005763688761,0.936599423631124
results/univd.edu.ua,29,0.206896551724138,0.793103448275862,0,0,0,0,0,1
results/univ-douala.com,10,0.5,0,0,0,0,0,0.5,0.5
results/universidad-policial.edu.ar,29,0.793103448275862,0.0344827586206897,0,0,0,0,0.172413793103448,0.827586206896552
results/universitateamaritima.ro,0,NA,NA,NA,NA,NA,NA,NA,NA
results/universityliberia.org,4,1,0,0,0,0,0,0,1
results/univgb.rnu.tn,0,NA,NA,NA,NA,NA,NA,NA,NA
results/univ.gda.pl,171,0.859649122807018,0.105263157894737,0,0,0.0233918128654971,0,0.0116959064327485,0.964912280701754
results/univ-lille1.fr,544,0.775735294117647,0.172794117647059,0,0,0.0165441176470588,0,0.0349264705882353,0.948529411764706
results/univ-littoral.fr,271,0.74169741697417,0.118081180811808,0,0,0,0,0.140221402214022,0.859778597785978
results/univ-lyon2.fr,210,0.785714285714286,0.0857142857142857,0,0,0.0428571428571429,0,0.0857142857142857,0.871428571428571
results/univ-mulhouse.fr,13,0.538461538461538,0.384615384615385,0,0,0,0,0.0769230769230769,0.923076923076923
results/univ-oran.dz,3,1,0,0,0,0,0,0,1
results/univ-oujda.ac.ma,0,NA,NA,NA,NA,NA,NA,NA,NA
results/univ-paris12.fr,33,0.393939393939394,0.575757575757576,0,0,0,0,0.0303030303030303,0.96969696969697
results/univ-paris5.fr,177,0.853107344632768,0.11864406779661,0,0,0.0225988700564972,0,0.00564971751412424,0.971751412429379
results/univ-paris8.fr,355,0.492957746478873,0.501408450704225,0,0,0,0,0.0056338028169014,0.994366197183099
results/univ-poitiers.fr,503,0.767395626242545,0.0675944333996024,0,0,0.0656063618290258,0,0.099403578528827,0.834990059642147
results/univr.it,233,0.59656652360515,0.0901287553648069,0,0,0.184549356223176,0,0.128755364806867,0.686695278969957
results/univ.uzhgorod.ua,3,1,0,0,0,0,0,0,1
results/uni-wuppertal.de,993,0.433031218529708,0.0453172205438066,0,0,0.0120845921450151,0,0.50956696878147,0.478348439073515
results/unizik.edu.ng,150,0.933333333333333,0,0,0,0.0333333333333333,0,0.0333333333333333,0.933333333333333
results/unjbg.edu.pe,40,0.5,0.05,0,0,0.425,0,0.025,0.55
results/unkorce.edu.al,5,0,0,0,0,0.6,0,0.4,0
results/unlam.edu.ar,66,0.212121212121212,0.0757575757575758,0,0,0.0303030303030303,0,0.681818181818182,0.287878787878788
results/uno.edu,447,0.029082774049217,0.105145413870246,0,0,0.787472035794183,0,0.0782997762863534,0.134228187919463
results/unom.ac.in,0,NA,NA,NA,NA,NA,NA,NA,NA
results/unq.edu.ar,0,NA,NA,NA,NA,NA,NA,NA,NA
results/unsa.edu.pe,0,NA,NA,NA,NA,NA,NA,NA,NA
results/unse.edu.ar,0,NA,NA,NA,NA,NA,NA,NA,NA
results/unsri.ac.id,256,0.4609375,0.50390625,0,0,0,0,0.03515625,0.96484375
results/unsxx.edu.bo,9,0.555555555555556,0.222222222222222,0,0,0,0,0.222222222222222,0.777777777777778
results/unsyiah.ac.id,627,0.86762360446571,0.0430622009569378,0,0,0,0,0.0893141945773525,0.910685805422648
results/uofg.edu.sd,94,0.117021276595745,0.0106382978723404,0,0,0.851063829787234,0,0.0212765957446809,0.127659574468085
results/uog.ac.pg,2,0,0,0,0,0,0,1,0
results/uogj.edu.al,3,0.666666666666667,0,0,0,0,0,0.333333333333333,0.666666666666667
results/uoguelph.ca,1147,0.319965126416739,0.0976460331299041,0,0,0.22667829119442,0,0.355710549258936,0.417611159546643
results/uoit.ca,189,0.825396825396825,0.0740740740740741,0,0,0.0740740740740741,0,0.0264550264550265,0.899470899470899
results/uok.edu.sy,10,0.9,0,0,0,0,0,0.1,0.9
results/uokufa.edu.iq,114,0.508771929824561,0,0,0,0.456140350877193,0,0.0350877192982456,0.508771929824561
results/uop.edu,995,0.133668341708543,0.136683417085427,0,0,0.078391959798995,0,0.651256281407035,0.27035175879397
results/uottawa.ca,391,0.337595907928389,0.40920716112532,0,0,0.0767263427109974,0,0.176470588235294,0.746803069053708
results/upa.cl,16,0.375,0.125,0,0,0.0625,0,0.4375,0.5
results/upaep.mx,106,0.830188679245283,0.00943396226415094,0,0,0.0283018867924528,0,0.132075471698113,0.839622641509434
results/upana.edu.gt,54,0.796296296296296,0.0185185185185185,0,0,0.148148148148148,0,0.0370370370370371,0.814814814814815
results/upao.edu.pe,28,0.714285714285714,0,0,0,0.214285714285714,0,0.0714285714285714,0.714285714285714
results/upf.es,969,0.732714138286894,0.131062951496388,0,0,0.022703818369453,0,0.113519091847265,0.863777089783282
results/upn.mx,81,0.901234567901235,0,0,0,0.0617283950617284,0,0.037037037037037,0.901234567901235
results/upsa.edu.bo,36,0.583333333333333,0.277777777777778,0,0,0.111111111111111,0,0.0277777777777777,0.861111111111111
results/uptu.ac.in,2,0,0.5,0,0,0.5,0,0,0.5
results/uqo.ca,63,0.396825396825397,0.412698412698413,0,0,0.126984126984127,0,0.0634920634920635,0.80952380952381
results/uqroo.mx,70,0.971428571428571,0,0,0,0.0285714285714286,0,0,0.971428571428571
results/urv.es,66,0.848484848484849,0,0,0,0,0,0.151515151515151,0.848484848484849
results/usao.edu,37,0.567567567567568,0.216216216216216,0,0,0.027027027027027,0,0.189189189189189,0.783783783783784
results/usc.edu.tt,59,0.0677966101694915,0.847457627118644,0,0,0.0169491525423729,0,0.0677966101694916,0.915254237288136
results/usd.edu,100,0.34,0.11,0,0,0.38,0,0.17,0.45
results/usergioarboleda.edu.co,30,0.766666666666667,0.0666666666666667,0,0,0.0333333333333333,0,0.133333333333333,0.833333333333333
results/usi.edu,44,0.522727272727273,0.0681818181818182,0,0,0.295454545454545,0,0.113636363636364,0.590909090909091
results/usiu.ac.ke,19,0.631578947368421,0.0526315789473684,0,0,0.210526315789474,0,0.105263157894737,0.684210526315789
results/usm.edu.ph,66,0.727272727272727,0,0,0,0,0,0.272727272727273,0.727272727272727
results/usp.ac.fj,172,0.587209302325581,0.00581395348837209,0,0,0.127906976744186,0,0.27906976744186,0.593023255813954
results/uss.edu.pe,17,0.294117647058824,0,0,0,0.294117647058824,0,0.411764705882353,0.294117647058824
results/ustanne.ednet.ns.ca,1,1,0,0,0,0,0,0,1
results/usue.ru,176,0.772727272727273,0.159090909090909,0,0,0.0454545454545455,0,0.0227272727272727,0.931818181818182
results/usuft.kiev.ua,4,0,1,0,0,0,0,0,1
results/ut.ac.ir,694,0.546109510086455,0.337175792507205,0,0,0.109510086455331,0,0.00720461095100866,0.88328530259366
results/uta.fi,112,0.839285714285714,0.116071428571429,0,0,0.0357142857142857,0,0.0089285714285714,0.955357142857143
results/utc.edu,147,0.163265306122449,0.0952380952380952,0,0,0.0816326530612245,0,0.659863945578231,0.258503401360544
results/utdt.edu,0,NA,NA,NA,NA,NA,NA,NA,NA
results/utech.edu.jm,0,NA,NA,NA,NA,NA,NA,NA,NA
results/ut.edu.co,0,NA,NA,NA,NA,NA,NA,NA,NA
results/utep.edu,733,0.16643929058663,0.0190995907230559,0,0,0.424283765347885,0,0.390177353342428,0.185538881309686
results/utgjiu.ro,0,NA,NA,NA,NA,NA,NA,NA,NA
results/utica.edu,0,NA,NA,NA,NA,NA,NA,NA,NA
results/utm.ac.mu,0,NA,NA,NA,NA,NA,NA,NA,NA
results/uto.edu.bo,0,NA,NA,NA,NA,NA,NA,NA,NA
results/utoronto.ca,1831,0.581103222282906,0.169306389950847,0,0,0.0868377935554342,0,0.162752594210814,0.750409612233752
results/uts.edu.au,650,0.141538461538462,0.0753846153846154,0,0,0.0276923076923077,0,0.755384615384615,0.216923076923077
results/utwente.nl,1678,0.459475566150179,0.32657926102503,0.000595947556615018,0,0.0458879618593564,0,0.16746126340882,0.786650774731824
results/uu.edu,42,0.0714285714285714,0.0238095238095238,0,0,0.380952380952381,0,0.523809523809524,0.0952380952380952
results/uum.edu.my,210,0.147619047619048,0.00476190476190476,0,0,0.10952380952381,0,0.738095238095238,0.152380952380952
results/uvanet.br,73,0.328767123287671,0.63013698630137,0,0,0,0,0.041095890410959,0.958904109589041
results/uvi.edu,90,0.0555555555555556,0.0333333333333333,0,0,0.811111111111111,0,0.1,0.0888888888888889
results/uvu.edu.cn,51,0,0.0196078431372549,0,0,0.0784313725490196,0,0.901960784313726,0.0196078431372549
results/uwa.edu.au,1328,0.0256024096385542,0.0105421686746988,0,0,0.905120481927711,0,0.0587349397590361,0.036144578313253
results/uwasa.fi,78,0.423076923076923,0.0256410256410256,0,0,0.179487179487179,0,0.371794871794872,0.448717948717949
results/uwe.ac.uk,307,0.149837133550489,0.0293159609120521,0,0,0.267100977198697,0,0.553745928338762,0.179153094462541
results/uwic.ac.uk,15,0,0,0,0,1,0,0,0
results/uwichill.edu.bb,6,0,0,0,0,1,0,0,0
results/uwm.edu.pl,230,0.773913043478261,0.139130434782609,0.00869565217391304,0,0.0652173913043478,0.00869565217391304,0.0130434782608696,0.921739130434783
results/uwo.ca,1918,0.296663190823775,0.111053180396246,0.0072992700729927,0.000521376433785193,0.480709071949948,0.0072992700729927,0.103753910323253,0.415537017726799
results/uwrf.edu,60,0.366666666666667,0.0166666666666667,0,0,0.3,0,0.316666666666667,0.383333333333333
results/uws.edu.au,88,0.329545454545455,0.125,0.0113636363636364,0,0.181818181818182,0,0.352272727272727,0.465909090909091
results/uwu.ac.lk,40,0.85,0,0,0,0,0,0.15,0.85
results/valdosta.edu,79,0.708860759493671,0.0506329113924051,0,0,0.189873417721519,0,0.050632911392405,0.759493670886076
results/victoriacollege.edu,24,0.166666666666667,0,0.0416666666666667,0,0.708333333333333,0,0.0833333333333333,0.208333333333333
results/visva-bharati.ac.in,5,0,0,0,0,1,0,0,0
results/vlekho.be,1,0,0,0,0,0,0,1,0
results/vmi.edu,60,0.3,0.0833333333333333,0,0,0.4,0,0.216666666666667,0.383333333333333
results/vsmu.sk,27,0.259259259259259,0,0,0,0.111111111111111,0,0.62962962962963,0.259259259259259
results/vstu.ru,75,0.12,0.8,0,0,0.04,0,0.0399999999999999,0.92
results/vutbr.cz,1165,0.521888412017167,0.172532188841202,0,0,0.200858369098712,0.000858369098712446,0.104721030042918,0.694420600858369
results/wakf.org,4,0.25,0.5,0,0,0,0,0.25,0.75
results/warnborough.edu,27,0.814814814814815,0,0,0,0,0,0.185185185185185,0.814814814814815
results/wayne.uakron.edu,2,0,0,0,0,0,0,1,0
results/wcccd.edu,7,0,0,0,0,1,0,0,0
results/wcjc.edu,14,0.142857142857143,0.0714285714285714,0,0,0.714285714285714,0,0.0714285714285714,0.214285714285714
results/wdsdjxy.com,2,1,0,0,0,0,0,0,1
results/wdu.edu.ng,11,0.727272727272727,0,0,0,0,0,0.272727272727273,0.727272727272727
results/westcoastuniversity-edu.com,6,0.833333333333333,0,0,0,0,0,0.166666666666667,0.833333333333333
results/wgu.edu,142,0.0845070422535211,0.0352112676056338,0.0140845070422535,0,0.028169014084507,0.0140845070422535,0.838028169014085,0.133802816901408
results/widyagama.ac.id,25,0.12,0,0,0,0.88,0,0,0.12
results/winona.edu,67,0.238805970149254,0.0895522388059701,0,0,0.552238805970149,0,0.119402985074627,0.328358208955224
results/wisnuwardhana.ac.id,65,0.0615384615384615,0.0307692307692308,0,0,0.876923076923077,0,0.0307692307692308,0.0923076923076923
results/witcc.edu,15,0.0666666666666667,0.2,0,0,0.733333333333333,0,0,0.266666666666667
results/wit.edu,63,0.0952380952380952,0.158730158730159,0,0,0.428571428571429,0,0.317460317460317,0.253968253968254
results/wiu.edu.sy,10,0,0,0,0,1,0,0,0
results/wm.edu,868,0.408986175115207,0.0311059907834101,0,0,0.100230414746544,0,0.459677419354839,0.440092165898617
results/wmpenn.edu,28,0.25,0.214285714285714,0,0,0.285714285714286,0,0.25,0.464285714285714
results/wou.edu.my,93,0.010752688172043,0.89247311827957,0,0,0.010752688172043,0,0.0860215053763441,0.903225806451613
results/wpi.edu,689,0.425253991291727,0.0972423802612482,0,0,0.0943396226415094,0,0.383164005805515,0.522496371552975
results/wright.edu,169,0.165680473372781,0.159763313609467,0,0,0.0591715976331361,0,0.615384615384615,0.325443786982249
results/wsfiz.edu.pl,22,0.772727272727273,0,0,0,0.227272727272727,0,0,0.772727272727273
results/wsu.ac.za,8,0.5,0,0,0,0,0,0.5,0.5
results/wsu.edu.et,3,0.666666666666667,0.333333333333333,0,0,0,0,0,1
results/wustl.edu,3934,0.24224707676665,0.0355871886120996,0,0,0.0604982206405694,0,0.661667513980681,0.277834265378749
results/wvc.edu,21,0.285714285714286,0,0,0,0.571428571428571,0,0.142857142857143,0.285714285714286
results/wvncc.edu,13,0.461538461538462,0.153846153846154,0,0,0.153846153846154,0,0.230769230769231,0.615384615384615
results/wvsu.edu.ph,59,0.864406779661017,0,0.0169491525423729,0,0,0.0169491525423729,0.11864406779661,0.88135593220339
results/wwcc.wy.edu,0,NA,NA,NA,NA,NA,NA,NA,NA
results/yangtzeu.edu.cn,12,0,0.0833333333333333,0,0,0.0833333333333333,0,0.833333333333333,0.0833333333333333
results/ybu.edu.tr,40,0.275,0.025,0,0,0.65,0,0.0499999999999999,0.3
results/yonsei.ac.kr,592,0.449324324324324,0.228040540540541,0,0,0.153716216216216,0,0.168918918918919,0.677364864864865
results/ysu.edu,22370,0.69950827000447,0.00040232454179705,0,0,0.000447027268663388,0,0.299642378185069,0.699910594546267
results/yu.edu.jo,190,0.0157894736842105,0,0,0,0.58421052631579,0,0.4,0.0157894736842105
results/yuntech.edu.tw,316,0.705696202531646,0.117088607594937,0,0,0.120253164556962,0,0.0569620253164557,0.822784810126582
results/yzu.edu.cn,166,0.0783132530120482,0.0542168674698795,0,0,0.0240963855421687,0,0.843373493975904,0.132530120481928
results/yzu.edu.tw,216,0.226851851851852,0.199074074074074,0,0,0.305555555555556,0,0.268518518518518,0.425925925925926
results/zu.edu.ly,181,0.801104972375691,0,0,0,0.0110497237569061,0,0.187845303867403,0.801104972375691
results/zums.ac.ir,90,0.988888888888889,0.0111111111111111,0,0,0,0,0,1
